startLatitude,startLongitude,endLatitude,endLongitude,distance,duration,encodedPolyline
-36.85693,174.765274,-36.853145,174.767349,556,459,xr}_F}yti`@@l@?A?A????A?????}@o@_Aq@e@y@Q]?????????????A??????????????????????????????AAc@c@{@cAu@{@y@_Aw@}@_Am@y@s@u@Bs@b@{@z@SR????
-36.858477,174.759682,-36.858477,174.759682,579,228,n|}_F_wsi`@????????????????????????????????????????????????
-36.859978,174.762898,-36.85709,174.765147,384,128,ze~_Fckti`@??KA_A[u@[q@[u@k@q@UYOu@g@q@{@w@o@u@kA[WYa@??
-36.85768,174.766171,-36.844458,174.766982,1601,578,nw}_Fq_ui`@????????????????e@e@eB_Am@b@a@b@]f@g@\q@NeAKs@F_Bj@iBdAsBdAm@d@@B????????YAoBz@wAv@_ANcAMgAa@_Ai@EE??[P}@a@yBaA??uAWq@]w@AkAMwAy@yBa@e@?S]kAK}@Y]A}@QmAk@uAOgAMQKA?[Uy@a@??
-36.849993,174.751099,-36.849035,174.758568,3116,903,lg|_Fkari`@??Jh@r@hAv@jA|@jAx@nA|@f@^`Aj@hA^h@`@h@j@fAt@jB|@tBd@hAb@dAt@h@hA_@hAUjAMb@dADtAH~AJbCJrCt@O@??????A????????????????????????@???A??A??AAECc@@KgBKwBIoBEkAEmA{@QeALu@q@e@gAi@oAu@kBeAaCaAaCaB{AwAqA`@sC`@_CNuCkBw@iBi@{AmAMbAs@zBc@bBgACsAkBsAmBkAmBSsBz@oAEcBUeCUsB@yAXwATqATsAMiAJgAXeADk@??
-36.854264,174.762792,-36.84758,174.772708,1724,620,bb}_Fmjti`@A???AA?A??MOk@iAy@a@eAc@iAa@aA]q@K??????????????WIeA[gAYaAc@QMI?A?s@?aAa@cA]kAc@sAm@{@QkAUmAc@_C_@e@?EKqAIgBOy@q@WGEqAP{APiBNqAJ}AJqAPcAoAsAoAs@CoAL_BVgAt@g@z@e@~@c@~@_@RM?????AH{@p@o@TS??
-36.844214,174.759273,-36.844119,174.765088,590,198,hc{_Fmtsi`@??Ke@TyA]m@u@Wu@aAc@w@a@q@BiAToAPsATwAR{ALm@?e@XcAHeAVmAPgA@C??
-36.857569,174.758725,-36.86448,174.77368,1676,407,xv}_Faqsi`@@??EFS?]LmAJyAJ}AHyA?kAE_@AAB_A@sA\cBl@}BNcA`@w@Xm@d@y@hAwBjA{BjA{BfAyBv@cCX{BTwAPwAPyANoAPoA|@c@dAYbA_@pAUbBc@bBc@xAk@\cBXuBXiCNiBEC??
-36.853074,174.7602,-36.868935,174.750423,2346,462,tz|_Fgzsi`@@??@t@`@`BdApAx@nAp@|Al@hBJrA]zA?~@IdAG`AK|@FlA?bAIjAYz@{@d@uAJmAp@A|@\nAr@b@jCLxC\bCz@fC|@hChAvBxArA`AvBx@UvABhBZbBd@~ARhB\bBXdB`@lB`@zAt@nAp@dA|Bp@hCn@lCRr@XbBJd@??
-36.851161,174.760108,-36.854292,174.763187,518,362,vn|_Fuysi`@BCn@ZRP@@????????Pk@^uBHm@A???????DIh@s@V_@rBSzAg@f@c@@???XQl@Y`@kALwAAO??????????LEb@a@B@??
-36.846047,174.772021,-36.850497,174.763547,1245,578,xn{_Fcdvi`@A@?B?A?????????@A???????EVEb@?@Sx@YlAEzA?bAh@\b@t@TpAT`ABdAc@jBq@|@T`A@x@IlACdAh@h@~@Px@TXv@jCGQz@jCYKfAx@Vr@F??????????TV@z@OZCL^b@f@\n@V~@b@z@^z@Tb@GPNCB????
-36.858562,174.754729,-36.860478,174.735658,2432,499,~|}_Faxri`@??@?Lx@VvA^nAn@`Ap@v@^v@@Bv@r@x@dAv@bAr@bAr@~@v@bAt@bA`ApArAjBnAdB~@pAlA|AnAdBvAhBpAhBp@fCd@nBf@zBf@xBj@bC`@hBh@vBl@hCl@~Bh@`Ca@z@iAl@q@p@w@t@cA`AmAhA_Ab@iAbAqApAeAx@{@hBuAh@wAl@gBn@_Bj@{ALgAV??
-36.848635,174.762163,-36.845397,174.768274,1305,539,~~{_Fofti`@I@E@UFEGY@?B??@?Yw@OgAaAQs@S{@g@mACCmBb@w@n@iA`@oA`@gCy@aBm@Qw@a@CNRhAN^FWCQ@ARSiA?cBiAF[yCRVSy@Pq@s@cB}Dx@eBNe@BoA~@Mv@^@JCNSX?@?@????CDA@A?B?BK??
-36.852458,174.759585,-36.844551,174.766906,1381,437,zv|_Fmvsi`@?@??????IGkAe@_A[{@UmAg@_Aa@cAYkA[[Im@YkA]iA]{@WcAy@[q@RiAVqAV}AJk@??????P}@TyA\{ARmAFmAaAc@sAa@yBa@e@?e@S}@g@iAMkAMoAQaAH{@{@s@Y}@a@C???
-36.845051,174.773303,-36.854755,174.765782,1860,561,ph{_Fclvi`@BASlAOh@UjAMnAShAUtAx@\XP?@Dt@`At@Xt@OxAOz@Yv@??Vb@BfAEp@I~@SfAWz@_@z@Gd@tA|@lALbAVjAVhAVhARjATd@?xB`@|Al@l@ZnA?rBx@|@VfAZp@f@b@@h@@v@f@~@Zv@?|@Wr@_@x@[l@_@n@]~@[jAo@fAo@t@q@??
-36.849367,174.762238,-36.845248,174.762976,522,175,pc|_F_gti`@@?AAaAYsAKw@K}@c@aAc@cA]OGy@]m@a@w@w@y@l@aAYg@Z[lAe@LOE????
-36.853141,174.76933,-36.857051,174.762639,802,266,b{|_Fisui`@AB?AVXj@dAv@tAr@dAn@h@l@f@f@p@r@r@j@v@n@t@l@v@r@p@f@f@BB??VV`@x@t@f@t@n@d@`AE`AMpBYpBTbBFH????
-36.846695,174.763713,-36.844355,174.766865,489,173,xr{_Fepti`@??????DCRuAy@w@q@}AeACs@e@mAQiAQiAUm@_@DuATyA]kAJG??
-36.846842,174.764106,-36.845928,174.757696,641,226,vs{_Furti`@AHENS`AYhAYbBSdAYnAYxAu@H_@ABx@LrAH|AJ`BNzANzA?LE?Md@On@LzADx@????
-36.843758,174.763551,-36.841311,174.758494,834,610,n`{_Feoti`@CH?@[HQI]IBAUMw@Sy@[w@_@q@s@d@b@x@f@GDI\OZC^Kb@BLI^CTI\QHOBOHG\EVAJEPCR@FAFGZEVDVADELS\Ud@ATEXGZI\EZGXEZETEXGTEXGTI\OXS^C^DH@C?Z@^F\TVXA??
-36.843085,174.766582,-36.842687,174.765195,292,387,h|z_Fcbui`@?A??????????????A?AF?@BOF{@E\Eb@??????IF??AR??GZ?IJm@Dc@OdAAFAFKx@M~@ABB??A????KJSfA@R????
-36.854805,174.763428,-36.85026,174.755263,991,489,pe}_Fmnti`@YzA??WSi@Q]Nc@`@K|Ag@jAYL????????????s@n@w@d@}@LeAJ_ANYh@CB??????????????Yl@]hBKp@Q~@WvAYtAQj@?????@QnAUjAYxA[`BObAIf@CNc@lBYdB?D??
-36.847863,174.761642,-36.848261,174.762516,1274,1591,bz{_Fgcti`@???DA?AP?A?@ANCR?D?@GT@AA?EA?B??@?@BETAH????GTAP@C?????@?BEPGf@?@CLAD@@?A@CBILo@Pw@@C??BKAO?EBQ@E?EBKBQDOCE?@?A@A????????????BMF[?Q??@IPe@Ji@J[TI?@????????????????NFNF@??@?XSn@Yb@?RA@A?CEJg@Lu@ZQTBTTj@Bf@Nl@Hn@Vd@LXE\DKd@Ql@Kp@CPSISA??B@PHLSAm@\o@ACA@]G_@S_@Ii@MMGWOSe@AC??i@Au@E@p@b@DCIYYIIOQEM?????????A??KEYMAFC\Gr@V\????@????@FAL_@@E?C@GCQGK?AHKEI??CC?A??
-36.847195,174.774237,-36.848208,174.76297,1691,977,~u{_F_rvi`@?`@BL????ILmA`AeAbBs@dCk@lBZVz@Yx@a@n@MLLb@TVr@RJ?@??@DPr@Gl@]d@Il@LV????ZNx@Pv@Vd@\F|@`@jA`@tAXxAXvAXtAXrARtAHV??@BGt@MhAUjAWdAWdASv@S`AMx@Ol@EPQbAMt@OfAYjAG`@ET?VCF??AA??A???????????????A????A?@????????A??AC?gA_@g@S@?C??ALs@A{@@OVLjAf@h@EJo@BO????????
-36.844416,174.766899,-36.854292,174.763162,1189,333,rd{_Fcdui`@F?\FHBx@r@`Bt@j@BdBB??p@d@`AV~@PdAFd@?~B^`@n@~@d@rBIFv@fAXv@[pAz@bA\~@Jr@Pv@Xx@VlA`@fA\~@T~@ZbANz@b@z@\JD??
-36.857799,174.759228,-36.852186,174.7653,958,399,fx}_Fetsi`@?????HA@????????????k@DkAJmAHiALiAAy@iAkA}AeAwAgAyAaAsAkA_BUg@???A??e@a@kAiB}@iAq@eA{@y@k@y@[Q??????Ty@QuAT_BAe@?A??
-36.849894,174.765894,-36.851275,174.77088,873,435,xf|_Fy}ti`@@@??????B?TPp@b@r@\~@Zh@{@d@m@HC???????A????\]t@o@d@s@l@w@p@q@f@q@BE?A??\m@x@i@n@s@n@g@?q@a@a@s@g@{@k@YUq@o@_@_@w@}@Sg@???Ao@{@u@iASQ??
-36.845136,174.768307,-36.842264,174.757227,1294,487,bi{_F}lui`@BDALA^IJ?????@??UBe@^]x@]b@GT[p@wAIkAGo@XYhAMnASnA]pAWrAWrAMf@MhAQjAAz@_@t@_@pAOpAQfASvAYvA]lAQfAO~@Mj@UjAv@j@bAZ`A`@dATJjAOdAC^Qp@An@?@??
-36.850012,174.760847,-36.857096,174.759123,840,281,pg|_Fi~si`@@@????L@bA^~@Pz@Z`AXb@Tj@l@jAp@|Av@pAx@pAr@hAr@bA?rAMfAI@Ej@C|AErAYrA?~@Iv@S@A??@???
-36.847834,174.762184,-36.849597,174.755319,785,281,|y{_Fsfti`@PIABK\Th@A`@U~AWvASxADN?@?????@LlBZrBXxALnANxARtAFrAApAAFEh@\z@~@@j@Yt@In@JT~AJv@??
-36.844945,174.76659,-36.85219,174.766502,938,325,|g{_Febui`@AH????JNdAH`Ad@`BIRN~@TbAX`BVd@?~B^O@|@^fA\`@Cz@Z~@Zz@`@`ATfAVn@a@Lw@RcAh@w@x@[r@Y\CP]\q@@I??
-36.84717,174.762347,-36.853361,174.756828,1008,288,xu{_Fugti`@??????CFf@d@jA`@\v@[vAUrAYvA@H????????NR|AhApBn@hBh@l@XrBn@~Al@nBf@lBn@lBl@fBl@fBp@dAr@GzASR????
-36.856705,174.757637,-36.848249,174.765672,1537,881,lq}_Fgjsi`@@???JYL[HUPq@p@uAV[z@Wh@cAFuABo@???A?????????????@???????A?ACQ????CAMo@@mAEmACe@e@]o@]iA]s@[s@KcA]iAc@mAa@}@Os@Kk@]i@OGAAA?A????OGa@Mk@[m@a@u@{@gBSuAm@iACgAYeAWq@IAC????????????CCe@g@gAu@gAe@eA_@a@QWE_@Q??????????[Is@CgAScAg@??DA??
-36.847837,174.772875,-36.844635,174.767087,684,236,~y{_Foivi`@?@????C@o@p@}@p@_Af@aA`@mAd@w@ZUdASnAMpAFpAK`AQ`Ae@`BYtAQr@GpAWtAu@p@QL??
-36.850905,174.765178,-36.853069,174.76442,301,115,bm|_Fkyti`@B@??TDbAHjA^|@ZLbA@DPfAr@Ir@Ut@YHM??
-36.848089,174.761873,-36.848594,174.766527,509,556,p{{_Fudti`@CI??BKANHI?ABE?@A???@A?DDCE@BIRu@AE@M@A?CB??????A??@?Wa@NgAT_ABY????????A???@EDa@Nw@JeAJkAPcA\{@XuAReAKI_@OQ]OMOQAM?DCA??A???
-36.854182,174.762826,-36.879492,174.750532,3259,935,ra}_Fujti`@@?@???LEZPPDPFp@X~@Dn@Nl@Tl@Vh@NZPf@Xf@Ll@Lj@R\Rb@Ht@TZB?@??????????^?lALpAd@dAd@pAd@d@d@b@l@z@ZdAbAVdCJtCh@lC|@dC~@`ClApBxArAp@vBn@a@`BDpB\rA`@lAJpAVnARxAVzAb@dBXzA\TJ????@ANe@lAXfBb@jBf@pBh@tBf@bB^rBh@`B`@rBd@tBh@xBd@jB`@xBf@fBXfAZ~@T????????????D@|@RhAV`AXhAXt@JhATbAVhAT`ATf@ON_A^A????
-36.857529,174.76659,-36.853896,174.764918,483,274,pv}_Febui`@AAC?i@Wg@Ym@Pa@f@_@h@g@b@OL????????A@c@b@cAK_ADE?i@Bw@\gAf@g@Hs@^SR?@J\Wb@????
-36.84824,174.76196,-36.843127,174.767082,1020,436,n|{_Fgeti`@A???????Fg@Jw@Fm@AI????@?Ns@PeAZmAX_BVsAPqAB_@@?A?CC}@OaBiA??yBa@??q@z@_AGiAW_Aa@s@MiAc@w@g@qAFm@U@???o@W}@s@kAa@cAe@m@RY?IK??
-36.845481,174.773532,-36.84932,174.773596,1983,782,fk{_Fqmvi`@??@????AA?_ACg@r@ShBK~@MpAUjAWtAh@r@z@Vv@t@XNj@ZPn@`@Tl@hALdBHdBBz@PKYm@}@c@cAe@Ge@Zc@P_@BmASs@A{AH}Ad@u@z@Sr@m@l@[~@[R_@@@??????d@Wt@c@r@g@r@u@n@]p@[z@Yt@E\JRb@o@PC`@o@VeAh@a@jAo@fAs@~@HUr@aAl@_Ab@{@l@Q^e@O_AGeAn@Lf@LHEa@w@PD??@???????????
-36.843821,174.757102,-36.848135,174.761565,861,298,z`{_F{fsi`@@A??@ATCh@Z^Dz@Cf@_@X{Ap@oA|@Ov@a@Cy@HaAGwAMuAMsAKuAZm@f@Fn@Tn@Pt@GfAJ|@b@d@KX{AZwAHm@n@DHC??
-36.853052,174.763541,-36.855411,174.765724,476,229,pz|_Fcoti`@??k@GkA]MKReAp@Mf@Sr@_@l@Y@C????????FQt@_Az@i@z@]|@k@~@Wf@Fn@G?@??
-36.854071,174.768379,-36.857533,174.76658,457,109,|`}_Fkmui`@ADdAo@dBJpBv@lAxAdAlBf@P`AG^j@zA`A\L??
-36.851997,174.76408,-36.853496,174.757331,1009,412,~s|_Forti`@AFHd@Mh@YpA]\KVc@rASv@EFg@Dq@]u@Qe@@Oh@Kp@Ml@WdAO~@R`@r@\j@d@z@Np@VXbAh@b@BD??ND|@f@n@f@r@\x@\p@d@p@^j@X@r@Tj@f@TEx@YhAI@??
-36.8482,174.757583,-36.847511,174.744175,1226,353,f|{_F{isi`@CA@z@L|A@`BEbBAvAC|@@lAA`BA~A@hBAzA?vCLvCJnBJjAHzAFv@Bb@DtAFzA@R@^AVYtAg@|Ac@rASf@Sx@c@rASzACrAEdAI~@DVA???
-36.851761,174.768143,-36.852676,174.763895,605,209,nr|_F{kui`@???@RLl@d@v@x@\l@m@bAk@p@YtAF~@dA^bBr@`Aj@?\TbAqA`B_B|@`@`@VB@??AA@@A
-36.845029,174.766536,-36.85023,174.764677,2802,896,lh{_F{aui`@AA@@?@AB@BpAb@n@BjAVjAHdAX`ALhAXVG~B^`@^z@^h@N????????n@N`A^|@\d@[pAx@bAXf@b@z@j@~@Vh@P~@V~@X~@ZXN^J|@^~@Nr@XHJXRBjA[xA_@z@BD?AVZp@z@n@x@|@nA~@~AfArA~@nAz@`A~@H`AGbAIfAIf@IFy@N{AFkALuAEoAWi@w@a@{@UkAg@_A[cAWkAg@aA]y@U{@M{@WcAg@cA]g@SoAc@uAo@{Ai@gAS{@WkAa@kAi@i@YU@a@O_@O??
-36.853133,174.756773,-36.856784,174.781168,3697,816,`{|_Fydsi`@AA??NA~@iAX{Bf@sBlB_AnBMnBK~A_@xAFz@K`AGbAGr@g@HyAJ_BF{A?uACwA?qAPkAZ{Ah@qBz@oBp@mAv@_BjA{BlA{Bj@kAZq@z@oBX}BV{APwAH{AXuARqAf@q@dAWdAg@\i@??????Jq@zAkB|AmA~AcBvAeBl@aC[m@??KMuA}AiAwBk@iCp@sAJgAYiCZuBP{AF}ATyAPsAJiAu@}@y@{@u@w@{@_Ay@}@w@m@_Am@kAk@gB}@mBw@yBMmBOeB~@{AdAeBlA}AdA_Ah@YR??
-36.857738,174.754828,-36.862035,174.747371,922,254,zw}_Fuxri`@??DD@dBNvCPnA^bAp@`Cl@~BX`A???@@?XjAr@jA`@~@d@bAXbAhAxAv@rAdAtB|@|A~@bBr@N~@{@j@c@????
-36.857742,174.759365,-36.865398,174.780008,2943,946,zw}_Fausi`@@@?a@@}ABiADsAJkA^m@@mA?kA`@_BtAkA~@MrAh@~@I`Ab@`Af@hAj@lAf@H@f@Pl@^????????@??????@t@ZbAVXAv@PLBA\Ph@pAZz@Z@E????B?@C@?@????A@???@ADBLD???E@Ap@uAn@uB\aCh@gCLmBRiB\yCb@wCXiCAcBZaAf@yBL}BXcCZoCA{Au@Ui@_@w@_@}@Oy@SeA]T}B^yC^yC`@wCZsCZuCh@{CLcBd@iANuACmA]eAq@y@@y@i@]Jw@f@mAj@W??
-36.851763,174.76818,-36.846319,174.765629,1118,369,nr|_Fclui`@??@??FAQ_Ac@}@]aA]w@YaA]cA]}@]kAa@gAYs@YsA]s@a@cAy@oADk@jBBdBLzAYjBWzA@z@QrAIx@l@Zt@RN^ACY|@Uf@GNS\CTBKWFgAK??
-36.840294,174.756016,-36.854137,174.763345,2361,1093,xjz_Fc`si`@@AHi@Dm@@IHc@R}@Ly@N{@Nu@Ju@Fs@Rw@N_AJw@Nw@Nu@Hm@Ls@Ps@Lo@TcAP}@Fo@Lo@H{@P{@L{@h@g@DcAReADu@?YAA????????FQRiAPgATeAPeAT_AL_APaANw@DM????VHp@@h@Vl@Rn@Pn@PhAKt@Pl@Hj@Fj@\`@Dr@DBAd@Nt@Lx@Pz@Zn@Rz@Jv@X|@VN`@??A???@?j@^JKx@JfA\dAZnAF`ARj@J???A?????@NNp@j@j@^|@Tx@Lz@Xz@^|@\p@LpAL|@Rb@`@FJ?@??BL????DAJu@?S??
-36.851283,174.758986,-36.845589,174.754152,965,401,no|_Fursi`@@???Qj@i@Ku@S_@d@iBk@}Ag@]l@WxAa@`BGB????QHg@dAYzAYpAk@b@C?????CH@j@A?????????s@?kAMiACgAGeACcALa@lAUzAQlAWrAWpAAT??
-36.850543,174.761537,-36.852656,174.763658,990,416,zj|_Fsbti`@@@??v@FfA\fAf@b@Z????????????^K\k@TY|@CdAM|Am@`@[h@[`@Y\qA@sAo@_@{@WuA_@wAc@cAu@s@N[pAKbAHUJsAJo@QMFAPDbAR`A\NCOG????
-36.854598,174.762714,-36.857815,174.76016,490,204,fd}_F}iti`@ECA???HDn@Hx@Zz@Rr@Tn@Xn@Tj@Xj@Tz@Nn@Pl@Px@XVVBpABbBCn@????
-36.847604,174.772704,-36.850178,174.764683,1440,505,nx{_Fkhvi`@?A??a@b@y@l@MPDr@aAb@mAX_@Rc@X_@n@Y`Am@nAiAN_@zAMhAWtAQvAWpASlAWrAMzAXd@FNDH?@???@?@??l@GlA\hA\jA^t@JhATfAP~@ZrAC~B^GX`A\h@XV?NIhAB_@RdA\jA`@d@XRJ??
-36.85767,174.766284,-36.856568,174.761873,619,179,lw}_Fg`ui`@????m@]}AgAw@j@g@x@a@r@b@p@p@v@r@r@j@t@?~@ItA]pBg@jC]dBS|@If@FH??
-36.851087,174.758433,-36.85225,174.752014,1286,428,hn|_Feosi`@Ag@A?M?Nn@WvBUrAc@xBKn@?@??DWb@eCNu@Js@Lm@Lo@f@GYdCg@lCg@bCj@lAl@~@z@r@dAw@fA}@dAw@PI??@AJI????FNPxBJtB??C~@e@pCc@lCe@nCSjB?A?@??
-36.850637,174.758957,-36.857815,174.759149,844,187,nk|_Forsi`@A?HBtA\`@u@jAeAh@WdBr@fBz@~A@bBv@nBIhBSnB?`Ba@tA?bAE~@KfAGdAC??
-36.860547,174.753893,-36.857226,174.758802,699,311,li~_Fyrri`@????IS]gAq@}AUy@K[UAYHc@T?@????UCq@PUFG?e@Ni@c@[{AY{A_@uAYu@c@m@UcAUaAUiAEoAJuAo@KQJ????
-36.845817,174.773392,-36.848355,174.772302,593,193,jm{_Fulvi`@?A@?p@JTfAo@pAy@~BMxAv@Jr@Sx@Uv@e@z@]`@?Nr@f@`@p@Zz@u@l@kAXq@??
-36.852934,174.767199,-36.851229,174.768648,259,193,xy|_F_fui`@????A@_@?I?U]?CPQQk@YWc@_@]]g@e@o@k@aAY[A????????
-36.853598,174.768268,-36.860646,174.76749,1119,338,~}|_Fului`@?AVJF?n@Q?Sb@p@z@p@l@^l@j@b@j@l@l@p@v@p@v@n@v@h@j@n@x@`@b@`@^n@r@b@j@p@n@h@bAp@x@v@j@r@Uz@{AbAoBhA{BhAyBhAyAT[^q@ZqAKK??
-36.85796,174.761725,-36.845002,174.766572,1564,516,fy}_Fycti`@???@Oh@i@ZaA]}@_@}@c@YI]IaAYaAa@{@YeAc@w@QcA]kA]q@Sg@QuAm@}Ae@qA]u@Se@QeAWcA[c@[???A????GMy@e@_Ac@cAa@iAa@gAe@UCTBcAE_Ae@qA_@_C_@e@?u@SkAQo@S??SAs@[wAKgAU{@WMA??
-36.840613,174.756089,-36.839135,174.7556,207,97,xlz_Fq`si`@????i@?c@z@m@|@o@n@u@m@s@EOS????
-36.857888,174.765805,-36.848807,174.764718,1305,588,xx}_Fi}ti`@AA?@KYm@wAsA}@_A?i@j@i@n@i@p@YLo@q@Y[m@q@e@y@k@g@_@a@c@o@YMa@]s@i@]Ue@?q@h@i@b@i@f@c@Xm@f@e@Zi@r@WZg@x@G^e@N[Z_@n@e@l@Yr@Er@c@T??@??@@?????CDa@T]F_@WaA[aAa@[Ya@[YAm@t@s@n@SF?@??
-36.848617,174.767257,-36.865354,174.770562,2774,889,z~{_Fkfui`@??CE`@Dp@p@VWWeAYsAUgAQkAS_AWiAACAMOw@ZuAn@cAt@_Ax@aAt@}@R]DI|@c@f@GfA`@b@^b@h@@@VZr@|@\[Mm@K@b@d@UYMIl@r@f@n@jA?jAGvAEn@GS@p@CjAGdBGzAOrAy@zA`AfAzAVh@@?p@v@pAt@zAr@xAl@f@BB@XPp@Vv@h@`Az@n@n@t@t@v@b@l@h@l@j@j@f@Z_@RsARsATsATsAT{An@]t@]bAY~@i@`AmAfBk@lBk@nBQtB^dB`@TV?@??????
-36.852831,174.7746,-36.84597,174.774455,916,222,dy|_Fgtvi`@?@e@t@aAhAsAmA}AyAgAe@s@b@c@pAyA@uBSsBNMDe@k@qBn@iB~@mA}@kAs@i@u@u@Cm@Q]r@Gr@??
-36.853643,174.768295,-36.850783,174.772946,588,183,f~|_F{lui`@@@??A[a@e@a@c@u@{@y@{@}@{@{@w@c@i@MSSuAu@aAu@{@q@cA{@gAw@cAb@gAd@g@??
-36.858027,174.759085,-36.858022,174.754961,449,151,ty}_Fissi`@?@a@Ns@d@IpABxAXxAXtAZtATrAXtAXlALdAgALEB????
-36.858116,174.763935,-36.888371,174.791028,4622,1129,fz}_Fsqti`@A???@?l@Zh@_@h@iAx@{AfAuBjAyB~@qB^u@Zw@ZwARqAPuAHwALwARqAVgAl@w@fA[fAa@lAQ`Bc@dBc@dBg@v@P`B^vB^bBb@l@o@P{AP{AR{AP_BTuANyAd@eAd@qAhA@dANjAT`@eBj@w@~AShAGtB^p@sA^_CRuAVoANaA^e@dAVlATJ?@@HBbABjAAbAB`AGjAKz@GdABdAC~@CdACr@O@C?????@????l@[h@w@|@_AlAeBlAaBlAcBbAyAjAcBlAeBpAgBrAeBpAuA`BqAbBmAdBsA`BoAtAmAzAoADK????????NKjA{@tAgAbBcBrAwArAwAvAyAx@}@fAkAzA}AhAmAvAiBhAcBt@gAdA{Ar@K????
-36.85793,174.759892,-36.862628,174.760173,652,155,`y}_Fixsi`@??AKHyA@}Ah@u@jA?hAXrAd@vAd@vAf@tAk@~@_AhB~@hB`AtAR\H??
-36.847524,174.773572,-36.84579,174.766492,755,354,~w{_Fymvi`@@???i@`@o@l@u@n@}@hAi@p@o@v@Mx@AD??????????????????????K\YdASpAE~@@f@Fj@dAb@`@jAAhAE~AIhBQtAOpASbASfADP??
-36.851057,174.760229,-36.844374,174.766899,1159,442,bn|_Fmzsi`@@@]O_@Sw@YoAO[K??QIaA]gAUaAa@s@Ww@Ui@I???A??[Qa@Ms@c@{@a@iAe@s@QEC??Hg@PeANg@@g@KmADk@Ls@c@m@aAq@{@]cAi@cAe@mAa@kAQgAeARcANeAZkA]W??
-36.844818,174.759434,-36.847801,174.761284,525,302,bg{_Fmusi`@???AT}@Xy@z@IP}@MsAAM???A????????`@Fp@Lj@Nv@ZdA^fAPjAf@T@????????????Do@ZgBZqA??
-36.841331,174.758511,-36.842348,174.764136,655,277,hqz_Fuosi`@BA????ACRgAq@w@?gANu@H[TwAVwAXsATaARoANsATqAVs@h@i@Bu@@iAs@{@SGp@Z\b@M[KK??????
-36.848108,174.767129,-36.847008,174.769757,371,145,t{{_Fqeui`@???Ak@TiAMgAOgAU@}@N}@F}@@y@Bw@BaA?y@Du@?O??
-36.858216,174.763571,-36.857678,174.766107,549,215,zz}_Fioti`@ACKC}@y@y@eA]c@UU[k@e@g@aAy@aAi@Y_AIM??Vc@h@o@h@u@`@s@z@LjAp@Zr@DT??
-36.844934,174.769039,-36.847567,174.760705,1036,573,xg{_Foqui`@@??A@@@@@PA???h@J`An@`AL^Vf@`CUhBE`@LVb@LPGJK@ZKl@DUGj@@Rg@xBPhAd@TPDZV?A??A???????@AHC`@D@l@@z@T`EAbAE@Cl@L`@C@????A?Ib@LPy@nA?Rn@LNXf@x@t@v@FjAEz@?@??
-36.85023,174.763747,-36.852126,174.758767,778,301,|h|_Fmpti`@AC@?ZHj@@\LJCJKGW@A^k@f@Jt@R|@G\j@MxAe@b@e@|@M~@Mn@c@XAVLp@Nf@\~@v@r@l@t@Kz@Qx@WrAUtAbAr@j@h@??
-36.845347,174.764507,-36.848836,174.764156,474,174,lj{_Feuti`@E^KNr@g@z@Gp@Rr@b@hAFl@MdAf@rAPv@l@b@d@x@Kf@q@\WFQ?Q??
-36.843524,174.768567,-36.844561,174.77104,281,88,~~z_Fqnui`@DEVqA\{AVuARuAVwAPmA|@V??
-36.843923,174.763337,-36.841048,174.757786,746,231,na{_F{mti`@?Aw@W}@SeA[aA_@o@PWpASz@a@nASvAUrAS|AUnA]pASnASpA[hAOnAIjA^|@SnA@L????
-36.853138,174.756777,-36.850425,174.764832,1113,411,b{|_F{dsi`@CD????T]NuA{@y@uBaAmBs@_Bi@KC?@??s@Wa@MoBo@wBi@{Ag@GC??@@AA?@F_@XkARy@R}@Rw@AG??DEJ_Am@iA`@{Ab@yAl@w@X{A?e@Ro@h@gAXm@Eo@[mAUM??
-36.856386,174.765502,-36.855247,174.765574,135,66,lo}_Fk{ti`@EIi@Sy@SaA?k@ZKF??
-36.853018,174.77069,-36.849204,174.780385,1228,287,jz|_Fy{ui`@??VIpAKb@CLWk@}BuA{Bk@gCuAmB_Ay@cADiAS_BQkA_AVmAb@iAKWu@q@m@_Ag@aA_@sAm@wB}@_Bs@aCg@iCSsCd@iCV]??
-36.850375,174.764547,-36.853663,174.758489,852,439,zi|_Fmuti`@AAA???@?FDb@T@VAl@ObA@\?B@BCNGp@W`AO~@Up@Ux@Mt@ERY|@Gb@?@p@\p@^|@^~@Xr@`@v@ZVNEp@AD???@??L@f@PlAn@nAr@j@n@hAl@r@`@f@VBB??
-36.851801,174.768186,-36.850344,174.764949,410,231,vr|_Felui`@@@?B?@?Pd@nAFrAE|@Mp@@H?Fk@t@q@v@QX????]f@_@p@Qj@YlAc@D[Se@EA???
-36.857139,174.761881,-36.848163,174.766358,1168,648,bt}_Fwdti`@???????CUGs@Wk@S{@WkAa@kAa@i@Q_A]a@Mu@Ui@UUQA?????A?GAeAW}@[m@W{@]}@_@m@UA?[C_A]i@QcA]w@[K?a@FOQ?I??A?[Ee@QWK?ACCC?{@Ua@Ws@Sq@I??????M]L\??DcBHg@E?C?g@SaAQi@Ig@Ig@GIG????
-36.849223,174.757597,-36.843167,174.766828,1627,508,rb|_F_jsi`@@@SKg@BYjAg@fAWhA_AAeACaACcAAaAMy@Ik@w@OaBMmAUkAk@By@Fc@BIESmA}@g@gAa@aAUaAg@q@eAq@cAYkAj@_Am@}@IqAXsATuATwAVwAAgA}@WgA]aAQSOQm@?A???AJq@V{AT{AXwATuARoAPo@??
-36.857843,174.759952,-36.855265,174.746366,1462,493,nx}_Fuxsi`@????@EGTQjAKv@A@?RMrAIpALpAXxAZxAVnAVvAZrAXnAJz@?D????BJZhAVrARdAb@|@j@x@b@~@BnAe@lAk@pAi@nAMTCDc@p@e@nAi@jAg@pAg@hAi@nAa@lAg@jAg@fAm@dAc@fAY\i@ZaAZaAXw@V@@??
-36.842484,174.764451,-36.845037,174.766621,707,684,nxz_Fytti`@@A??ABBD?@?@AD????????GPGd@Zd@b@Hh@Rh@P`@L?A@@RFTHB@@??@NEJQHYNg@Ho@Jq@@_@Nk@Jq@F_@@?BOLg@Dk@Di@DYDYFi@b@y@Ls@Do@RgAB[?A?????????????@CD????????G^Kf@?XH|@^^ZF@B????
-36.847049,174.765284,-36.848689,174.764668,297,115,`u{_F_zti`@AA??@EhAeBd@?`@f@|AG?Zt@d@r@HSx@@`A??
-36.844716,174.75629,-36.843077,174.766314,1223,333,nf{_Fyasi`@??Jq@Bk@aAi@gAc@}@YmAWiA[eA[eA_@aAc@aAc@cAk@{@m@IkAVgAPe@Nu@RsATsAVuAXsAPmAXyAVmAl@_ARyARsABkANyAVyAVwAVwATe@??
-36.841558,174.755208,-36.841734,174.757997,290,103,vrz_Fa{ri`@??Je@VwAPyA\qATuARaBYm@s@QMK????
-36.845095,174.75718,-36.847335,174.762307,625,214,zh{_Fkgsi`@????Lw@l@w@^_At@]IoA@?BAV_A@yAKwAOuAOqAb@Qt@Vx@@fAwANmBXeA^a@\a@??
-36.845404,174.768669,-36.848402,174.772236,529,192,vj{_Feoui`@@AACTs@JgA`@e@@g@AaAH_AJ}@Vm@l@Ej@Fp@E~@@p@e@r@_@bAq@|@eA^{@PO??
-36.857744,174.766006,-36.847321,174.762693,1408,679,|w}_Fq~ti`@A?@?A?CECg@Oc@@?????ISmAk@w@Jy@bA}@x@_@b@w@q@o@QaAh@k@Ro@Rw@^s@Vo@Xw@Za@HUN?A?@??????????]ZcAv@_Al@aAX{@Vq@CaAScAg@QCQLi@Ji@?m@Ow@[g@GgAMi@Ge@Vq@dAQpAU|@EB????????????UJ}@AiAa@_@h@Uh@Sv@U~@??
-36.843694,174.767271,-36.851855,174.778131,1521,533,``{_Fmfui`@@?Xm@TqAXmAj@D|@LbARPkARiATeATqAV}A@qAEgARwATuA\oAfAqBl@k@z@{@|AwAtA}@lBeA`Bk@pA[pAEdA@vAJ|@_@XqA?K??????????????????Xe@\aA?w@b@g@Po@Pi@N_@Le@Pg@Nk@Ri@Lc@Lg@EK??
-36.846492,174.766012,-36.848745,174.764636,317,148,pq{_Fq~ti`@D?BD@Bb@Rl@^|@Lh@E`ALz@Th@Ft@\b@XAx@Ef@BD??
-36.852201,174.766438,-36.851125,174.771056,635,232,fu|_Fgaui`@?@HEh@s@l@s@Pk@OB?aAi@o@i@q@u@e@k@y@{@Yc@a@NgAj@aA_@k@i@cAi@Cg@Lc@iAl@_Ar@{@AQ??
-36.847759,174.76132,-36.844792,174.766919,769,283,ny{_Fgati`@HSQe@g@YaAScAe@oA_@E_@?A??YOcAa@q@i@s@QsAQqAa@c@eAMgBIuABsACe@AA??F]n@sBj@uA?_A@cACA??
-36.857844,174.762103,-36.873163,174.759803,1934,642,nx}_Fcfti`@???????C?UX{Ad@oBZc@??NHfAZ~@^bAf@`Ad@|@^`Ad@bBz@b@Z?????A????????@?v@`@pAf@bBl@zA\lB^nA\rATvAXhB^NJ????????f@q@dAmAjA_AjA_@jA]bA@~@r@|@|@dAl@fAb@n@XbA^dAb@dA@`AKt@m@p@m@|@MdA`@fA\tAb@rAb@tAf@d@LFD??
-36.85223,174.759727,-36.852126,174.759885,5842,3292,lu|_Fiwsi`@@H@?BBAEIA??_@M}@o@iBo@u@o@u@YiA]kAc@aAa@[WLA??e@MKJd@T[_@RLGMw@Uo@u@mAAg@CAo@LmAf@IE|@?EPGRKEHA?CDF@GG?BEKAJK?PFIKRLDIA?SKC????@??@?CCPBJDl@Kz@Pt@Lb@Id@KMCVLGIPE??D@?A?A?????AA?@??A@B@z@YnAMnAOtAMzAObAO`Ai@hCa@fB[tAYtA]vA[tA]rAs@dAO~A@`B@zAD|ADxA~ACjBW~Ak@GkBEqAYeCYuCUwCQ}AIwATeAR{@P}@TcAdBZjBr@hBf@r@eARo@LkAHs@??????????A????????????????A??????????ACEA??@??????A@A????????????????GCsAq@k@SCC????MGa@O?BGKEC[IYC}@Y{@[aA]y@[k@u@k@i@kA]{@C}@Gs@W}@m@iAm@gAg@KELVOt@@FBA?@?@???@CK?KAO_Am@cA_@eA_@aAi@aAOeAc@eAe@iA_@aA_@cAa@}@VUfAF`@n@PCQRN@@@@?????A??????B?JB@GH@LT?@????????????CAGG?C??XHHE@HLHWpAQjA@v@t@RZF??VLfAZ`ARx@R`A^fAHx@q@d@a@eEhB?AF]BPn@OONrCUb@Ej@DPS[|Ap@h@nAl@j@ZKDTFh@?dAN|@}AXmAViAp@Qr@VdA^v@`@v@d@|@ZfAL|@Xn@VjAX`Ad@~@fAlBj@ZC???????@??????????@??@??@@??????????????@?WOSe@CAAAC@AAA??A@?????
-36.848281,174.762177,-36.845809,174.773162,1470,490,v|{_Fsfti`@?AA?JiA?aBVw@?????????A????A?????R}@XwARkATwADiA}@_@kAk@yBa@e@?o@ZoAWgAY{@_AyAWm@LiBu@{@B?}@Lw@VgBLw@Ty@L}@`@kAXsAv@wAFcAKaAUwAPoAVsAPsAf@_Bh@mAoA]??
-36.845084,174.764627,-36.848171,174.767046,490,230,vh{_F}uti`@?@??FYVMz@Dn@DLD??NUHw@d@cANsA`@MHOf@?x@PZwATu@bAH`@k@Tk@b@?^A????
-36.848865,174.76507,-36.861309,174.759807,1491,547,l`|_Fuxti`@?@??????@CBQ??????rAW??v@b@nAPr@b@fAZh@\p@Fj@Tv@Vl@Jt@Pj@Z|@Xr@Vb@BHCt@b@x@Xx@Z`AZ^T@Eh@Rn@Vl@Rt@Tt@\t@Zn@Vp@Vn@\v@Tl@Xp@Xh@Rp@@~@^jA^fAb@`A\tA^`Af@rAXxAdAlAb@@?????
-36.852315,174.757798,-36.853698,174.764581,872,346,|u|_Fgksi`@????e@a@iBq@s@[[QII????X{Ab@sBTkATsATqA^aA`@_A~AMbBW|@o@l@a@r@w@TwADw@@????@??????LUJgASiA_@mAi@gA??
-36.845324,174.773386,-36.867189,174.778208,3440,1083,fj{_Fulvi`@B@b@LL\????NBr@Bx@TLD????????d@]lAmAjAeAFC~@o@jB}@jA_@^E??????`@I|@Iv@DnABbAD`AO`@oADI????b@^j@Lx@n@|@v@z@z@t@l@@@????????FEf@OZ`@z@~@~@~@`Ax@z@|@hAz@n@Tj@hAdA~@ZZz@jAbAvAv@rAv@p@nAh@fAb@z@^fAXr@X~@\l@f@p@h@n@p@n@j@p@j@l@j@l@j@h@d@V]TsAZuAN}ALyATuAL[PeAf@_A~@[dA]pAQdBe@lBg@hBk@j@iC`@yCZyCZkBVqBZeCXiBXuBVsANuANsAl@{@~@JbAPbAD`ALj@e@Iq@??
-36.855021,174.758913,-36.860953,174.754374,1229,444,zf}_Fersi`@??JDJLHD????????????????????CAB@`@^tAjBtA`Br@x@r@bAx@fB^jB^xB\vB@LJv@^lB`@nBd@|Aj@pBn@|Bl@v@r@}Ab@_Ab@gAX_ADIb@_@p@a@r@_@|@c@t@_@x@eAa@mA??
-36.849342,174.756854,-36.85113,174.764231,745,325,jc|_Fiesi`@??@g@MsAOsABeAJq@J_@Jq@Nm@@I?@????Fa@ToAR}@NcAR_AVwAVwAN_AVaALs@CC??M_AHuANeALgAVy@p@Aj@H??
-36.850262,174.764889,-36.84742,174.765827,352,100,bi|_Fqwti`@CCKg@g@GcC[S^kAKuB_B_C_@??e@???
-36.845054,174.755274,-36.844183,174.752356,459,141,ph{_Fm{ri`@@?OdA]zAu@`@y@Je@hAa@`A_A]o@LKxAr@v@~@f@~@PAl@??
-36.845861,174.766427,-36.854119,174.763491,1033,570,rm{_Feaui`@???????A\T^JNT?B?@????XR~@Tz@PrA?d@?xB`@??fAz@n@N^`@bAc@j@tAz@Tx@P~@Tn@LDC@C??D????AFC^DNFx@Tv@X`@TRJv@Vl@D^CTLx@Xx@\b@LNHn@Nd@Qb@j@JSCI???GEG??????
-36.848167,174.761827,-36.856679,174.761826,2436,1096,`|{_Fmdti`@@CH{ACgA}@]yAUkA[cAc@C}AX_Ab@qAPuAT{AA{@eA]eAc@cA{@MEHiD?qBR_BY}@y@_@IE??????A?????????????????????????????????HHNL\B??JCTz@WrAMzAArA?j@Mn@Sh@~@Fr@RfAb@bAVx@Fd@?~B^??Cb@n@`@v@j@pBe@JdA~@R`ATbANfAT`AZz@Vr@Tp@Xl@d@t@^v@R`AZr@Bz@Ev@Vv@t@DL???@?@ZTX@PF`@Jb@PZJ^HZNXBf@Z\LZNXFTFXNTLPDXDJHB???
-36.85303,174.77071,-36.848593,174.769361,678,245,lz|_F}{ui`@????A?cA?{AH{@XCBC@u@Cw@eAu@_Aq@}@{@w@eAM_Ab@{@t@o@z@w@r@i@z@k@p@M|@BP??Ed@NbA??
-36.841454,174.756815,-36.842394,174.763775,1052,395,`rz_Fcesi`@?B@@u@Oo@_@EkAC}@Wa@NwAZoAp@s@a@aATaAReAV{ANyAXqAZiAVsANqAf@cAf@w@^w@ZD~@b@Xt@ShATfA[S@W????????A?Dk@ZqAs@k@_ASOi@Se@??
-36.853639,174.76783,-36.856055,174.765881,346,142,f~|_F}iui`@??RQh@_@n@b@l@j@d@f@l@n@j@n@l@j@h@r@h@n@l@n@V^????
-36.855433,174.766102,-36.857699,174.781641,2448,840,li}_Fc_ui`@IFFGn@e@o@aAs@eA}@w@o@w@UWc@_@q@c@WM?Em@q@s@s@c@k@c@_@g@e@_Ao@_A}@s@_AM_@??@???????Cs@p@k@zAQhBIvAOx@SaAwBoAcBo@mCoAqBWU????CEW[q@KsAEyBU}AcAl@{A^gA@E???AZaA^gA\gAV{@Ts@P}@Ts@H[Rs@Ro@Lg@Vs@l@g@v@_@l@[x@a@v@c@|@c@bAc@|@g@n@a@l@Ut@]|@W|@k@t@g@v@q@p@Yp@a@r@c@r@_@l@WFP??
-36.85908,174.773979,-36.861855,174.770801,467,139,f`~_Fkpvi`@??A@CDBlB`@rB|@~AtAnAzAb@bBR@Tl@Rf@Vl@b@d@f@JZ??
-36.851853,174.770152,-36.850312,174.764907,771,324,`s|_Fmxui`@@?J?t@l@h@r@p@r@bAl@l@r@n@v@Tz@{@r@q@n@{@t@OT????_@n@_@l@w@v@q@z@u@~@SPA?@?]d@i@t@Qh@Uz@Gl@MVMKe@]c@E??
-36.856507,174.76633,-36.850309,174.764907,781,281,dp}_Fq`ui`@??@@Sd@_@T????KNg@Gk@y@w@\}@b@c@VqAj@aAl@o@~@mAb@UK??w@n@iBdAyAVeAF}@Sw@a@o@WeAOcAc@QO??
-36.857929,174.759981,-36.861278,174.765987,807,218,`y}_F{xsi`@??F[BeBBwABU@GCoAAsAVaBn@{Bb@iCz@oBv@{AnAuBhAyBz@{A`@m@PDx@r@fA`A`@Z??
-36.844216,174.763342,-36.849602,174.765963,1033,470,jc{_F{mti`@?B@?KC[a@Mq@FgA`@wAJmADw@LeAJsANs@d@cBj@{Ar@_@`ANbAPl@H@~@X?x@Fh@Yf@Al@Dh@Vn@Xb@Pb@L|@DfAJd@Vx@PdAh@r@J@@F?@CTBJDAA[FWMGC???A????
-36.856392,174.765845,-36.851549,174.765757,685,245,lo}_Fq}ti`@?A????EG_@i@}@cA}@YaA}@y@aA{@cAcA{@y@s@YR??GDs@f@w@l@aAt@}@v@y@`Aw@bAWt@{@j@YPA???
-36.84942,174.765054,-36.852558,174.764979,567,259,zc|_Fqxti`@PEJJtA?h@x@fAXTL????RP`AA~@\x@Tv@D\Ht@Tx@b@BB{@YKE????MCWe@AcBd@s@f@I??
-36.854207,174.763151,-36.853472,174.768887,588,218,xa}_Fulti`@?@D@Iw@SgAc@eAk@gB?W??[SWeAHCn@q@\aAAgB@uAJuAJ_BD}@Ey@m@}@c@k@UQ??
-36.850198,174.764569,-36.848332,174.762709,362,139,vh|_Fquti`@??ECo@K}@g@c@{@a@b@y@xA[fAWbAW`AY`AUz@Ab@CE??
-36.845434,174.7662,-36.844649,174.772654,1883,1224,|j{_Fw_ui`@????KGw@KUGOG????K@uA_AuAi@cAm@s@g@RmAPWTqAVsAR{AHcAKiAZcBTmAVwATwAVyATwAVqAJqALg@??????@?VbAQnA\`@FFbCGTf@OuCv@Vf@BSBMPaA`Be@bBADd@}AbAkB^WA???a@KgAKm@@\^eDn@UK??AA@A??????????????????????????@ENuACMGGB@L?SDAm@NdAMvACDFQ?D??????GR?AAD@A@G??EF??Kv@Hi@?E?????????????????@????
-36.849727,174.763761,-36.857031,174.765316,1143,432,xe|_Fopti`@????g@KQoA\{Al@?p@WnANz@EReATw@b@cA^S????b@Ex@Yj@W\y@f@s@l@s@n@g@p@g@n@i@b@]@APKn@i@t@Av@n@l@l@r@n@b@f@l@t@j@t@l@n@j@n@^`@????p@Kj@r@n@p@f@P??
-36.851193,174.764533,-36.842671,174.763895,1211,529,|n|_Fiuti`@?A???AGCQBc@?YLA@????BA??DCo@a@gAg@gAUgAg@gAe@k@GgA[w@W_C_@i@GcAMoASgAUmAYcAQ}@SgAQMEC?u@CcAUcAc@gAQg@LArACl@Ul@?@????CFSrAUvAY~AQfA????GLA~@@?????
-36.853015,174.763551,-36.852817,174.759422,664,273,jz|_Feoti`@AAZZn@Jn@Tn@j@HvAYxAe@Xu@p@u@d@i@Hc@D_ALo@R[^AD??XXPR??CBKPa@nAUlAdAf@lAh@r@`@??
-36.847952,174.772629,-36.852802,174.76965,677,245,tz{_F}gvi`@HGl@g@`@]|@Mn@Od@Yr@\@Bd@f@j@l@j@l@FL?@Xf@n@l@b@p@f@j@\f@n@t@r@z@l@r@\\v@Bp@p@l@j@b@`@??
-36.85116,174.771532,-36.849068,174.77116,314,173,vn|_Faavi`@??CCi@{@{@s@m@y@II]^CB????????CA]Im@v@m@z@m@z@q@x@??
-36.850818,174.766079,-36.851075,174.76562,68,58,rl|_F__ui`@A??Cv@X@x@CJ????
-36.845414,174.764946,-36.848859,174.776423,1345,411,xj{_F}wti`@UAk@a@g@_Aw@WNcARc@Fc@?AEI?_AIyAFyAPgADA??PcARqA\uARwAP_BBoAAoAL{ATwAVkAj@wA`AgABA??????FGpAkApAqAlBeAfB_AnBk@hAs@\eB@cBsAqAIU??
-36.843719,174.767212,-36.85318,174.764811,1132,419,f`{_Fafui`@????DDf@d@~@XbARVHz@^pAn@v@MxATJD????d@P|@P`AXfARd@?~B^Zj@dA^`@N@?????X@t@QdAx@`AC`Ah@|@Pd@b@h@@VIz@^bA`@p@B~@Wr@_@p@Wr@OFS??
-36.850259,174.76489,-36.848822,174.770566,629,284,bi|_Fqwti`@??????ABq@]}@UUOs@O??A}ALw@RaADs@FKi@y@Yy@WeAWoAUkAG_@SaAUiAS}@E_@??CcAj@cAX]@A??
-36.846336,174.762944,-36.849425,174.748789,1662,777,rp{_Fkkti`@????????F?JXEZG\O~@MvA[tAOz@@^g@FMr@HtAF|AJvANxAXH@????????????????@???ASNHnAPtAHb@HbAHr@Dp@j@f@fAN|@NdAD~@PVfAF~A?rAA|AApA?xA?|AA`BB|Bl@lC@xAPlCNfBJ|AAzAXx@lATp@ShAQFc@K@i@EBA?@?@??A???????????????????????
-36.860123,174.767421,-36.853004,174.77082,3796,1121,vf~_Fkgui`@??w@o@{@u@aAu@w@y@_Aw@y@i@aBm@yBo@qBw@gBuAkAsBwAqBwAuA{@}AqAa@qAsAqAyA{AwA}@q@mAj@m@DwAIwBa@gBoAiB]uB@oBZmBr@cBdAwAlAuAtAmAnAoAhBGn@??CDWlASrAMtARfAz@d@ZzAD`BFzA@`BSvAUxAU|@Y`Am@t@M@NWAc@AIDK?@GL@CEMGTJFEJj@Br@o@`@S|@Ia@aAXmAPg@Js@Kq@ZYRy@p@{@W_AIi@FeANo@Nw@Fe@l@Hl@Xt@Pt@Tz@\|@Rz@Tv@Xx@V`AVbAf@bAZbA\`Ad@^]V}@Zw@Ru@He@Nm@?????A????@??A?ABeAdA]nAMz@O??
-36.848104,174.773393,-36.842584,174.767499,975,344,r{{_Fulvi`@DA??????@????Ba@p@e@|@o@~@y@`AeAf@eAd@kAb@_AL_@dAKvACz@K|AUdBk@pAcA@iAUy@CUrAUvAYnAOnA_@|@iAE_Aa@{@QKA??????
-36.854623,174.759311,-36.857784,174.760938,502,140,jd}_Futsi`@?ABDbAl@|An@zA[`BBxAObAKfAQR{@P{AHeAH{AKg@??
-36.853053,174.768905,-36.854815,174.76772,233,118,pz|_Fupui`@??@?DJJ?h@d@t@v@XVACFA`AH|@l@p@b@ZT??
-36.846727,174.765112,-36.852707,174.763891,767,236,`s{_F}xti`@QUCAH[tC{Ad@???~B^Dr@|@OpCf@Nl@`A`@r@NnCfAt@@b@C^@l@ZbAX^F??v@XfAVB???
-36.853203,174.764644,-36.853814,174.76389,446,351,n{|_F_vti`@????OGTe@CWJZ`@v@Nf@Nh@R\Dn@Jx@[I]Qc@Si@BWO??????????????C?CBEFf@Jv@L|@B`@R@[Ig@EO????
-36.85028,174.764908,-36.849077,174.77244,813,256,fi|_Fuwti`@??E@q@W}@OiAe@Qm@Vq@LcAPcAMoAi@}@QmA[mAUkAQcAUmAUkAOu@Cm@XqAn@}@b@e@XoAVoASuASiA??
-36.85658,174.766963,-36.856234,174.76742,321,246,rp}_Fodui`@??AAMu@Z_@j@f@p@v@\`@@B??NHUMUEY_@u@aA{@Xq@aAHH??
-36.848111,174.761866,-36.851331,174.759137,504,174,t{{_Fudti`@?????@CTRz@v@Hj@JlAX`A^z@`@l@`@x@\bAT|@Zr@b@~@^ClAUvA??
-36.855174,174.762687,-36.856097,174.767506,821,338,xg}_Fyiti`@@??@MEm@[iAe@e@UWmASsAg@kA]gAj@Wd@m@t@Yn@[V[CQ?AZe@`@[|@o@z@Wd@ZX^PL??HBPUh@o@`A{APeA}@CeA}@U_@????
-36.846178,174.76803,-36.851157,174.764521,789,371,ro{_Fekui`@@?????????????A?OjAG\?PMfAPrAVn@\HPRh@p@pAj@pAJt@JdBCJd@f@f@`@JBBzBQQr@~@h@pAVfAZdANp@Cf@CD?????@???
-36.853738,174.764546,-36.857033,174.761891,481,163,z~|_Fmuti`@IN??@Dd@rB^zB|@Z|@\v@Z~@Tx@^x@Vt@Tn@V|@^r@XNFBE????
-36.8503,174.764764,-36.860698,174.767502,1463,632,ji|_Fwvti`@?????O@GNCf@TX`@@B@??????Bh@F`ALz@Zz@`@v@Jx@_@n@W`@[h@[\_@@?@?????b@Ot@Qn@[\c@h@Sl@Yp@_@dAKPP@Cb@M|@Bh@Tb@Lh@R|@`@j@h@l@n@`@j@l@h@h@v@f@t@h@h@h@Jl@aAt@eAz@aBd@q@f@}@fAsBz@}Aj@gABC@?LS^iALw@????
-36.853944,174.765521,-36.853108,174.760229,696,333,b`}_Fo{ti`@@@?@H^W\{@Z??????M`@?~@X|@Z^NbAJ|@BBNPb@hAAnAWjA_@`AIF??????i@RmAx@_B`@eAXMz@l@t@lAt@L?JH??
-36.848483,174.766017,-36.846918,174.767863,342,164,~}{_Fs~ti`@AADUDa@_@Se@Oq@Ea@q@@y@`@q@D}@Oa@SS}@YiA@UNOL??
-36.852663,174.76509,-36.857959,174.76015,1229,583,bx|_Fyxti`@?????G{@b@e@t@JdAXh@f@Kd@OXOXMZQZORGFE????????@?H]`@o@`@QXY\O\SZO^Sb@Qj@Y\GJp@l@SfAHjAXz@^t@^r@j@h@p@b@f@j@p@\d@X\V\r@d@I|@g@`B]bB?jB?@??@??BRlAL~AC`BGp@@@AA??
-36.849389,174.756845,-36.850648,174.758939,360,116,tc|_Fiesi`@A?_@eAQ{AAw@VaAT_AR_APgAfA?`Bf@r@X??
-36.851554,174.764248,-36.862699,174.810651,6167,1513,dq|_Fqsti`@??A?aAQWM??A?@?A??????@A?@??A???????@?A??IIEC???A??m@E}@i@cAc@{@g@cBc@????QOPNUKu@FiAS_As@_C_@e@?y@IiAUk@WF}@Cs@aAg@_@u@Ig@?CPu@VyA@_BCuA?cB]eAu@o@g@mA[uAHmAX{A\kAv@{An@q@{@s@y@Go@m@{@CKK????A?????FUZ_AZeAj@iAl@iA`@cA`@uAVwAZeBZ}Ab@eC`@}Bb@eCb@mC^}B\mBb@gCN_CAqCKuACaBCqCI{C?kCJuCJqCHcCDmBCuB@gCXsCj@kCt@uB~@eBjAyAjAwAtAcBlAyAvA_BtAeBrAeB`AgBdAyBx@aCl@wBd@kCZqCNcCFwCAuCIgCWsCc@gC_@aCIsClBWdBS`BqAjAqB^kCa@_Ct@}BpAgBt@_Ab@{@hA{@~AAlB?hB\vAr@hBu@tAkB`B{AnA_BlAwBvAkB~A\|Ar@dAv@pAz@FHd@jA_@lB????
-36.849509,174.76497,-36.852647,174.765089,420,157,ld|_Faxti`@??HBl@@~@LhAXt@\`AJt@Tv@T|@Xb@QMaB|@_@j@WLI??
-36.841341,174.758486,-36.848664,174.774708,2021,630,jqz_Fqosi`@?@????A?CRI???ACTm@@wAu@g@R_APgAV}AZgALyAXmARsARyAVyAt@k@AgANyALeATqARsAXwAToATuAR}AXmALuAXqATmAPwATuAVwATuAVwARmATuAVyATuAVuALsAL}@ZmAf@_BfAeBJ]l@{@r@p@`Bb@z@l@x@~@r@^x@s@~@IfAIt@U??????????
-36.857651,174.766556,-36.853095,174.769252,634,172,hw}_F_bui`@?@[McBi@s@~@i@t@q@Zy@iA_Aw@{@aA{@eAo@y@{@m@gAy@cA}@w@s@y@y@a@]??
-36.852385,174.774221,-36.853349,174.765296,1193,478,lv|_F{qvi`@BFWbAo@VMTEh@s@Bu@Eq@Hk@P_@T_@\W^a@f@e@ZO^??B@Vb@\R`@h@HPX`@Z\\d@h@l@l@x@l@|@d@h@r@p@t@v@n@v@r@p@n@p@r@p@v@r@f@d@RXJp@GtAGxAIpAIlAIfAw@j@Yd@GL????
-36.841351,174.75851,-36.848899,174.766208,1547,557,lqz_Fuosi`@B@???ENoAu@k@Gu@P{@Ji@NcATkAPmA^oAVsATuAJkAd@_Ab@cA@k@?m@DaABI@????CRsAVyAVwAZwATyAVuARmAFc@??TB~@b@hAT`Af@t@XZYLu@@k@dANdALfAL~@`@`@V\AjANx@Lt@Rx@L~@Px@PVJXEVJJJ??
-36.852421,174.774129,-36.849315,174.773564,448,174,rv|_Fiqvi`@????GVg@pA_@^_@f@o@Ew@Co@Pi@^g@^_@f@e@j@q@w@s@}@i@y@o@m@M@??
-36.848921,174.773155,-36.871966,174.774405,3631,1226,v`|_Fgkvi`@DL????CEEq@x@Hr@`@l@t@p@v@p@FNG?@JRj@|@r@v@l@|@r@z@p@|@n@v@n@v@t@v@r@v@v@t@r@v@v@t@t@t@x@x@x@x@z@n@t@l@j@z@p@v@p@x@r@t@p@x@r@t@n@v@p@t@r@x@r@t@p@x@p@x@p@z@z@n@p@c@l@kAx@aBhAwBhAyBfAyBP_@????`@iA\}BRsALyALwATuADQ??????????@ETmAt@o@hAW`Ag@tASlBg@nBg@pA]@???????????`@TnBf@vBZvAb@ZCd@DT{AT{AR{APyALmARwAP{AP{AR{AP{Ax@O`AVfATrAVhAStAMfB`@\D?????CFa@??@?p@RxA^dAR?@????????NNjAR|@HXB??
-36.853038,174.763527,-36.849647,174.76516,412,134,nz|_Faoti`@?@A?w@KqA[mA[cAa@gA]{@]k@s@a@e@KKg@?{@c@eA[??
-36.858405,174.763809,-36.849572,174.76913,1171,337,~{}_Fypti`@@?WEm@a@i@s@o@q@{@aAy@aA{@_A{@{@cA_@_A{@w@cAs@}@{@cAe@q@}@y@aAo@}@g@g@No@`@w@h@aAr@a@IA?m@e@o@q@CCs@g@eAa@eAa@}@]eAW}@K}@Yq@U??
-36.852996,174.769411,-36.857937,174.759928,1145,427,fz|_Fysui`@??A?FFf@f@p@n@x@t@z@z@x@v@p@l@h@^l@v@h@l@n@v@r@v@l@z@l@n@BD??????CJQb@V`@j@v@r@\j@b@f@t@`@`@r@r@h@`Ah@x@n@^S`Aa@vAY~A?dBXlBJx@A|AIrAEX??????
-36.849319,174.765289,-36.847518,174.762916,383,228,fc|_Fazti`@??m@N[`A{@bAUf@CbASt@a@UEJ@@?EPTHB??????IDcAKw@AQbAA\Oz@??
-36.849535,174.764182,-36.851052,174.760268,539,295,rd|_Fcsti`@HCBG\WINELXBv@f@z@f@@n@A~@CZAX??Jf@EdAQ~@YbAUnAKjAA@?????????H^`A~@\dAFl@V??
-36.850734,174.758861,-36.850378,174.764506,1145,603,`l|_F{qsi`@@@??p@Jl@Z??IZIT??????J?~@\n@T`@J@?A?BHr@XBCBCmAi@mA]gA]e@_@oBo@cBg@s@QA???MGs@]q@Od@NH@?????????ANg@XwARw@ViALm@HgAZgAF_@@IR_ALeAJUA???BCXkAX}@Bg@Ny@Hw@Pc@q@_@OW?A??
-36.845792,174.758094,-36.847721,174.761784,562,212,dm{_Famsi`@???@BKEsANuABuA@iAMmAKuAOaAJ[b@P^IRs@VkARcAb@Wj@Rt@Ln@FbAVLD??
-36.85391,174.766929,-36.861241,174.770306,1398,863,|_}_Fidui`@?@?A@c@RmADy@NQJF`@Tn@f@VRVP^b@JX??????@B`@Zh@l@b@f@`@^TXj@p@FHBBZz@NLPNt@f@h@l@`@b@Tb@b@`@Z`@ZZj@v@`@d@AA??????FBRJ?A???????????@??NSp@y@x@}AjA{BhA{BhAyBd@cAHOp@yAXyAPyAPuAHy@???A?A?CD[FWDS@S@UDSDU@E?A?ADU@CDYD[BYFQHE@C??
-36.852212,174.757896,-36.847865,174.757815,668,219,hu|_F{ksi`@JH_@[mBo@oBu@wBu@sBq@iAO]bBO`A[z@????YNe@nAYhAA?Q@o@K[s@KgAk@E??
-36.844428,174.765347,-36.846586,174.774999,1176,376,td{_Fmzti`@@\????A????Am@]w@c@s@c@QMYC}@a@A?]o@VsANoAV}AR}AXwARyARoATuATwAVyAVwAVuARmAXwAT{AVyATyAb@sA|@yBjAkBV]??d@`@jAb@^B??
-36.846714,174.762154,-36.846543,174.765636,409,295,|r{_Fmfti`@DI??@?OEc@UA@??????Hk@T}@Pw@AGL[XaAJaABE????DQK]k@As@?WMPsBHkADk@AQ??@G??
-36.857661,174.766247,-36.852126,174.76442,726,235,jw}_Fa`ui`@@??Aa@k@eAw@iAFi@z@i@r@W^A???Ob@i@g@_@e@y@Vy@T{@LsAt@q@Vm@T{At@oAx@iBhAcAh@[]??
-36.852106,174.773727,-36.849467,174.764913,1836,425,tt|_Fynvi`@?@eBBs@O{@AoA]gAeAmBYuBFsB\}Al@_BhAuAxA}@nAuAtA{BfBBNYnA_@hA_@lAj@`BlAj@Xx@^tAk@fB@|ADxAOnAm@|@FnAz@`@pAl@fAj@dB^d@?xB`@Wn@x@Zt@JbCMg@n@d@H^P??
-36.85401,174.76761,-36.851434,174.761185,730,271,p`}_Fqhui`@????C^ArAK`BOhBe@x@a@b@DnAs@x@kAn@uAl@{@`@?R]dAYtA[n@QJ]vASv@GH]TQXPv@Ln@^t@@F??
-36.850208,174.764664,-36.845441,174.766305,1022,429,xh|_Fcvti`@AA?@?AC?ES]q@gCu@k@AaAU}@Si@_@_C_@{@C{@QqAWuAi@h@sB{@YD_BZyAZiAIiAOW???????AA???L\Rh@Oz@Sn@YjACp@UnAIx@Q^i@Be@L????????
-36.848362,174.772319,-36.848667,174.76561,795,258,f}{_F_fvi`@@AC?GdAq@hAq@r@w@h@g@j@Wh@Fl@Zr@v@Tx@X^\@p@E|BNbBVrA\vAHX?BZd@l@l@|@p@Nn@[`Be@dAi@FIF??
-36.851417,174.760204,-36.88836,174.791018,6252,1544,jp|_Fgzsi`@CEs@i@{@k@y@]mA[MmAVwAZwAJu@?A??CGCaBVcADcBJkA`@cB`@aAx@c@j@e@b@a@`@{@r@e@\}@f@s@l@s@n@k@n@e@p@c@p@a@p@i@d@s@r@Bt@t@l@p@TVt@l@j@p@l@v@n@v@l@p@p@n@p@n@l@x@l@p@n@t@p@j@j@n@l@lAt@r@f@Bj@kAbAkB`AkBfAyBdAyBh@kABG`@}@JsA`@}APqAJyANuATkATuA`Aa@~@[fAYdBa@jBg@bBa@nAkA\wC\wCXqC\aB`@yB\wCd@eDTcBd@iANoAd@g@|@LdATbAZf@KfAOb@o@@?????l@?|@\z@FdARdAVfARdAT~@`@`AVdAPhA^dALdAGfAFhAEdAA@A@Eb@m@dAGbAMbAA`ACbAEfACn@]x@o@fA{AlAaBdAyAfAqAjAaBfAcBlAcBnAeBpAgBtA_BhBwAbBmA`BqA`BoA~AsAxAkAFS??z@_@`BsAbB_B~AaBzAaBbBgBtAwAzA{A|AsA~A{ApAkBpAmBnAcBHI????
-36.843965,174.763385,-36.85195,174.763953,1197,376,va{_Fenti`@@@GCg@UBu@VeAToAPuATy@RmANyAVcARK~@LjBTLFlAJdACrA`@jA^r@Hz@BdAh@v@b@x@d@f@HtBQTbAbARjARdAZr@b@CGZP|@d@z@N~@VZF????
-36.848795,174.764626,-36.861156,174.759918,1513,550,~_|_F}uti`@ABDLT_AXu@r@_@\t@r@Th@Rl@RbA^l@B@Bj@\v@d@z@TdAHbAb@bA`@bAXv@\r@Lx@Xd@X@?n@Vn@Tz@R|@XdATn@b@r@Vz@Zt@Vt@Rt@Vv@Hv@Xv@RfADdAZbAl@pAb@jAd@rAb@`AT@A??????????RLr@^v@b@LF@???
-36.845107,174.762801,-36.847737,174.744155,1854,445,|h{_Fojti`@B@JBx@Xd@j@UtAIxAXfANdALzAL|ANzAJzAJrALnAJzAPvALxAYfAOrAj@t@EpAKpAQxAQxAAxA`@rAr@~@`Aj@TlA`@lApAvA~AnA\vBHlBHhBL`BLfBQzAg@|AMhB_@lBc@rASdBGrBFnBZN??
-36.850682,174.765335,-36.848658,174.774731,1356,458,vk|_Fkzti`@@@????BXh@oA~@q@v@o@t@s@n@{@j@u@p@y@b@u@v@e@r@m@p@o@Vq@i@w@aAw@s@y@]oAaAmAk@q@?A????????AAo@u@q@gAu@cAu@cA}@_Aw@gAQYc@g@s@}@VaATu@Hc@Xc@Ts@qAy@wBUmBSm@O??
-36.84936,174.764893,-36.854346,174.765261,621,356,nc|_Fqwti`@EAFH`@NZOl@@z@Tr@\|@AB@?????A??RBNT\^n@Db@Tv@b@zA[n@o@h@MTMN@`@El@m@ZUBHNIJQh@QVB`@Yd@YDB??
-36.850038,174.760914,-36.841564,174.757751,1391,439,vg|_Fu~si`@?AIGA?k@SYk@m@`@q@LaAS{AKs@gASX_@vA_@zAIpA?@k@PqBw@eBy@aBi@OfAL`BL~AHpABj@????WXUf@GhAeA^g@|@g@hAKf@WVy@[kA[cAa@oASgA[kA]gA_@eAGq@r@UA@B??
-36.857787,174.761387,-36.85466,174.765412,675,234,dx}_Fuati`@????Dm@BmATqAf@qBZyAe@o@q@m@Y[QUUSSW_@a@Qc@e@e@y@y@cAk@y@e@kAUgAF_@AaBl@AJ??
-36.848114,174.761802,-36.866629,174.779692,4359,1970,t{{_Fgdti`@?A@???A???????????SCm@W????????GAc@Qc@UOa@VYR}@`@En@P\j@Sr@Ip@DN?@C@k@Qq@]s@W{@Su@YIE???????A?????AG?????i@McAc@aA[Wo@N{@BaAeAk@{@WDmABaAIWAAUKcA[UI????[c@LcAV_BJo@NiAV{ANuANc@A???@??A???????????C@KJ}@XsAB]?????A????????A?????PQ^}AXaBByAIoALsANiARgAZmAt@sAb@a@????bAgA~A}A`@]??r@WjBaAnBk@bB]xAF~ABpA?`@gAFm@@Cf@cANoA`@u@Vy@Nk@Re@Pm@Ts@Ts@Pq@Jq@\o@p@a@p@_@l@a@p@a@v@e@JC@?@?v@a@z@i@`A]bAg@z@i@z@c@x@e@x@c@z@e@v@_@v@]p@[v@Gt@Yp@e@p@c@r@i@p@k@t@g@v@i@x@A\B??????????????????|@HvAFfARlB|@hB~@`Al@HHd@Xj@f@t@z@v@x@t@z@t@x@`A\x@r@t@x@|@n@jAXjAT~@Rx@BJyAp@q@b@I?A????
-36.856855,174.759058,-36.850027,174.746642,1597,452,jr}_Fcssi`@??????[JiAJaAMy@^kAD}A?kAVsAJS^i@|AUlA??ADQtAu@lAaAv@g@ZNfAJrBBx@?BCnAc@~B[lB_@|Bc@nCSpAIbAa@`CCpAMxAE|Ag@vAa@`@uBNyAv@X`B}@b@i@x@J|BEl@????
-36.852417,174.756087,-36.850398,174.755801,296,76,rv|_Fq`si`@KBu@j@}AjAsAW_A{AaAq@]bB??
-36.860589,174.766879,-36.864616,174.768314,615,146,ti~_F_dui`@?AJqAL}AVyAPmAd@UpB\|B^xBd@zALTeBfAL|ATx@`@??
-36.849237,174.769285,-36.848862,174.765235,761,330,vb|_Fasui`@?@??g@UcA_@a@FVjARxAXvAVtAX~@?@????@ZEjAq@Qu@cAy@Ry@f@u@`@X`ACB\\dAPXHGPEZe@lAZb@`@N\NZAFR?A??
-36.857555,174.766311,-36.849268,174.765925,1159,462,vv}_Fm`ui`@A@MMcAm@w@a@Gd@a@r@UXk@C??MBeAp@aABe@@[A?Aa@LOJa@V[D[H_@Zs@b@m@XSGMDs@r@oBhAq@PsATyAU_Ak@k@]K?KDkAg@sCGMKyBi@b@VD_Ao@o@AAAW@a@?SCf@@???
-36.843616,174.756705,-36.842965,174.754957,179,112,r_{_Fmdsi`@AA???AE`@Mf@Mf@SdASrAW~@C?YT????
-36.844626,174.761312,-36.84088,174.745793,1823,652,|e{_Feati`@??????ADD@D@CEDB@DEE@GHJSlAWjACn@~@f@Z~@SzAZhAt@t@JvAYhA[lA]`AQbAIxAUzAYvAWvAYjAMvA_@bA_@x@iADa@j@f@r@z@Vp@j@PrAI\QjAQp@c@p@i@~@g@dAg@nAe@nAg@hA[xA]tAWpAM|AGzA[tAq@dAeAf@w@v@w@Xe@CZGTQONLOI@OZ@E??
-36.849234,174.774424,-36.843467,174.767456,1190,724,tb|_Fcsvi`@@A????A@QFE@WJq@PcAPiAp@i@^c@Z??GF??DIIIA?So@e@sAk@u@k@y@}@JgAW}@Ca@n@A?Uh@a@`ASlAUFGLShAM~@Mn@On@UvAOlAUlACJA??????????@??????????GVERMb@E\Gb@Mt@UpAMz@??????CFQjASjAUl@OrAMlAQf@A??A????
-36.848274,174.77413,-36.849634,174.774832,175,56,t|{_Fiqvi`@VKhA[bAcA`B@Fa@??
-36.850888,174.765279,-36.858201,174.763527,962,260,`m|_F_zti`@?BA?VIp@y@b@i@f@?j@QrADhBj@pAlA~@nAz@N~@_Ax@k@l@q@hAq@lALvAJdA`@|@h@x@j@l@r@b@l@l@x@r@x@r@z@j@d@??
-36.847614,174.765831,-36.84873,174.75739,1051,340,px{_Fm}ti`@????f@VvAFX`@`A^`@RBdA]`AO~@M~@M`A???@G\QdAYbAGpAWtAWpA[|A[zAItATvBRnBNzANbBNvAJnATvAd@b@RsA\kA@G??
-36.852609,174.770263,-36.844439,174.766977,1685,642,xw|_Fcyui`@?E?????AKCGCk@Aa@B?H????GA_A@w@iAw@cAe@m@y@cAu@kAq@s@]m@u@{@u@kA}@u@aAI_ALoAd@m@b@}@t@kAv@o@v@gA\mAp@{@Zo@z@IxBCt@?@A???w@Qw@{@[Yk@Eg@]IFm@GWtAUvAWrAUtAWvAQlAWrAQzAIfA@@@?D@z@`@~@CZB??x@THJ????
-36.84436,174.766514,-36.851942,174.763829,934,473,fd{_Fuaui`@?A???EXA??DD@B????@@nB?b@hAx@P`ABl@GZBpARp@L`BFd@?~B^HQlAr@`@V?@??@?????RBbAt@x@b@nAWt@zA~@VPL??????@?@?BHz@h@z@P|@Jh@\RC????
-36.854243,174.763077,-36.856405,174.762229,256,102,~a}_Fglti`@?Bh@N`@?b@b@r@Pt@R|@Rx@Hr@Xj@R??
-36.860789,174.769747,-36.845929,174.76441,2349,697,|j~_F}uui`@A@??T?CbASxAMtAS~AOxAMhAIV????CHUtAu@tAeAtB_AhBgAtBeAlBWd@a@v@g@nA[tAk@z@mBw@aAcAeAeA{AmBkB_AsAt@i@dBa@pAo@K_@S[IqAIgAOcAUiA]gAe@gASeAWgA_@e@Uq@g@}@u@u@Wu@a@gCu@sAUaAYeAYyBa@e@?iCe@m@O??????S^Uh@QdA_@fAGdA?@??????Mp@??
-36.850635,174.758918,-36.841205,174.758154,1255,362,lk|_Fgrsi`@BD}@BoAW{Ac@]fAk@pC[pAYzA[zAWdA{@XCF??????A?iAIeAIeA?aACgAIaAFeAFgAO_A[aAk@gA_@_AWcAWg@SgAWiA[{@WgAc@w@YeAWeAO
-36.842017,174.762357,-36.84539,174.774728,2193,1102,ruz_Fwgti`@????BQDQFODWFm@N_@B]B[Ni@Dw@Bg@Bf@M^?C@CFSBU?c@TmATuAVwAViARqATwAPwAJi@x@PHj@a@TNo@GL]t@KNF?S^[j@OhA_@J?????????????A??????????????JYXa@Js@Ns@TmAFkARkAXwAMAKvAMhAKdAWrAWxAGj@ADSp@A@@EAe@UBFP??@TCVAJDO???????????APc@PoAXwATqANkAPoAVqAPyAVuANaAVuAVuARmAVqAVsATwATyATwAJmADm@No@h@aBx@}AAD????
-36.844534,174.76545,-36.854535,174.768014,1418,535,he{_Fa{ti`@????B?n@PXTl@f@|@Pr@l@x@^jAn@lAn@d@w@VyATsAj@uBd@?~B^n@b@~@l@RF????????pAMh@x@v@ZfAFhAR|@EJYN}@XiAh@q@FC?????????Aj@a@f@{@h@{@tAcBh@u@d@i@n@g@r@g@p@q@t@GdALr@j@NC??
-36.860112,174.767423,-36.846145,174.767397,2099,824,tf~_Fkgui`@?A??????A@^ZV`@A???ADUt@k@nA}@fBy@`BmA~BeArBi@dAUH????????ABWlAe@rA[dBKbACpAiAYgAe@cAc@w@UOCA?IIw@YeAYaAEcA[y@i@eAc@g@U?A????A?gASaA[i@WG@A?EEA?OG{@_@iAUOG_A[}@[m@KcAg@yAOeA_@iAg@{@OkAe@????eB_@uBi@_@MyAScAQ_A_@oAUkAOi@}@BoAVsAF???@???
-36.853445,174.765067,-36.851812,174.768141,492,198,`}|_Fuxti`@AC??A?c@s@o@_Aw@_@g@CcAWy@AYIYOf@_Al@y@j@q@j@s@@i@c@s@q@m@s@e@CC??
-36.854214,174.762753,-36.857783,174.754639,1206,266,xa}_Fejti`@@?Ch@]xAi@|@iA|@mAh@sBVYdAx@z@bB|@zA~@jAv@|AbAbBz@p@`@@@V`@lAvArAjBjAlA~@hBl@~AZxA`@hCd@rCXXJwA??
-36.847479,174.762014,-36.845144,174.770703,1048,299,vw{_Fqeti`@AAE?iAc@aA[kAU_AOaA]y@{@cAg@aA_@E}@VmA_Ay@e@s@?qAAwAIuANyAf@}AVyARyAXyAVwAXuATwAT}AHuAi@{@MI??
-36.852581,174.763726,-36.857774,174.76621,755,245,rw|_Fipti`@@??AUcAn@_@d@Op@Wn@i@j@_A|@g@`Aa@hAe@|Am@pAw@n@i@@Aj@n@V^DF??ACRQ|@iAxAoBvBj@d@tA??
-36.844474,174.754683,-36.843976,174.757098,289,125,|d{_Fwwri`@??@@AA?WJmAFyATsAPiADs@a@g@gA]y@Q?D??
-36.849477,174.76491,-36.851462,174.76409,253,219,fd|_Fuwti`@@?????B?d@Jz@a@Rf@|@Hz@PRP??????????????NHr@r@|@\?F????
-36.855593,174.763069,-36.851554,174.759147,656,299,lj}_Felti`@??@?CA??????????IB[`ACJ??q@JeAY}@Uq@NQjAi@pA}@x@wAv@aB^}Ad@m@jA_@|AAx@??CJa@fBKd@????
-36.845188,174.757911,-36.843694,174.765485,824,240,li{_F}ksi`@?BDQBoA_@_AgA]gA[[c@JuATuAVqAHqAT{@TuAWkAg@mA]mAQaA]yAWqATiARyATmAg@Mo@][Y??
-36.849686,174.760574,-36.855469,174.762894,861,271,pe|_Fq|si`@TkAMd@JoAd@wAnALfARjATfAVx@n@LT?C\s@h@`@t@U`Bi@hBw@b@Wr@s@l@gBHg@T[j@Pr@Fx@F`AIHi@??
-36.84038,174.755154,-36.840387,174.755191,5483,2299,jkz_Fuzri`@?A?????KJw@ToAs@i@_A_@aA?u@Y?BEoAVj@cAB]Xx@k@h@iAYj@TKRgADAQGw@u@q@_AUeAn@cA`@i@?????A[d@EFe@t@m@bAe@bAo@`AAdA~@p@r@h@l@cA|@DKf@w@A@Rv@YdAH|@DIy@y@T{@S?BXMt@|@l@IL|@h@~@OlAQrAf@n@WrASpAOnA\_@G}@PcAm@BOCQ}@@}@u@a@UoAs@y@s@{@A{@fAUVYRBSHC@???Em@ZWf@p@]f@gALeAE@u@w@o@_AMmAn@aA^s@SR@Fe@x@i@|@ELl@Vl@hAp@x@InAEhA]k@BKDMCHFWEf@DS\^Su@SLk@d@GdA~@f@OWOgAGOp@E[Of@Xe@S^@@D]Ub@h@u@K^KAEAJAd@PoAR}@s@y@u@y@k@o@i@hAk@|@]p@?APTp@z@v@n@p@}@z@CBl@BUA@@CDEBJUIEOX?w@TOl@r@y@h@}@h@Tu@bASCEEJc@Bz@A{@Cr@HaAl@e@v@|@t@`APfAc@t@Ao@o@w@q@s@u@IFLN?v@Vx@j@z@Xj@\UnAUnAi@Pa@Oi@[k@w@w@w@s@{@e@_Ad@}@dAg@bAYv@~@C`@DJI_AICw@d@_@???BCPJv@l@\h@????JB\@??????????@@??????DD?lAInAH|@@dASdABAHo@PmAJe@?A?B?AFC??????????
-36.852366,174.774086,-36.858359,174.759075,1928,452,hv|_Faqvi`@????D??@??@???Mb@Er@|@~@|@jA`@dBp@tBpAvAh@xA@HEZXbBzAnAf@pBnAzAdBfAdBlAdBpA~AnA`BnA`BnAfBjA`BpA|AnAzAnArAlAb@jB@lCy@jB}@tBs@hC_@xBAP??Ml@[fCOxBgBA_BX??
-36.845729,174.764424,-36.85397,174.763357,1141,359,xl{_Fstti`@G???BCV@x@Dx@Z~@Lf@L?c@[gAScANm@`CwBd@?xB`@?lAhADx@HvASP@x@Pz@`@bAH|@Xb@h@v@@p@Vj@ZpA\`A^hAf@z@ZbAXbARx@V@???
-36.846333,174.766196,-36.856382,174.733223,4048,1343,pp{_Fw_ui`@??`@N|@^p@Jz@d@r@^j@j@v@Zv@PbAT`@u@@???nAELZ`ALhARz@Zj@BPL??DAz@`@|@r@bAd@dAd@r@~@bAfAr@dAn@t@d@n@d@t@\R?????@??????FDh@p@r@~@v@fAx@hAr@bAx@fA|@jAt@hAx@n@`A@NFd@\`AKdAG\\OxALbB^zAZxADZVpATvA\lATlABN?@??VfAXrAVjAb@hAt@|@n@|@KjAg@rAi@lAi@pAOTD?Jb@?Za@|@a@z@c@z@a@|@a@x@GL????MZc@hAe@~@c@z@]|@Uf@Uj@c@v@Ul@Qj@^x@^|@XnADnAD|ADnABrAFvABpADvAFhADvADfABjACdAa@p@o@nAi@t@k@bAk@j@EfAB~@BxADzAFvADdBFfBF|ATnAIp@s@r@{@dAA|@h@rA^hARj@??
-36.842664,174.767582,-36.840302,174.756058,3161,2090,ryz_Fkhui`@?@??ECE?w@DeABgAI_AW{@SaAY}@Wo@g@c@EEF?@BA?????????A??????????????????????????????????????????????????????@C\KRd@|@XdAX`AZx@VbAPjACbADx@Nr@^Fx@YtAWxAIpAYpAWpAWfAGb@?????????BAp@HT[k@_@IcAQaA[}@_@cAYcA[aA]cAYcA[m@I?D????D?t@J`A^dAVbA^|@Vn@Rj@Tz@T`AXx@R^^IfAM|@@j@GjAUvA]~@[LUpAWvAWfASfAQ`AQ|@Gd@Q~@WjAKx@WlAUpAUpAUrASrAQfASjAUrAWlASlASpAKr@@??@????IRMZIFWM[IUK[KSAC????C??????@????A???????????????????????A?????????????????????????????A????????????@?????????????????????C?F@AD??@?`@J`AZf@UNgAVsARwAXkATsAT{@@???
-36.854641,174.766762,-36.853969,174.766857,2406,1361,nd}_Fgcui`@?????@??AA@F@@Qf@Px@Dd@Hd@Ih@a@Vg@ZUX]Ns@\o@P??????Nl@Zv@Vv@Zx@T`ADj@??????????A??A??????OLM|@IxAc@~@g@Xs@t@]Nw@Vo@DcANa@V]^W^SlAW`AEV??????@?Oz@SfAUnASdAAB??AHSnAGN?@Ov@UfAa@pBSjAS`AEL??????Ha@XoAV}AX{AP}@Lu@H_@??Lk@LwA^{ANo@?A??????@AL_AVcATeA?E??FMd@y@d@_@jAQpASl@U^c@b@[v@q@TsA?}@BC????D?Xu@Au@OqA_@wAk@}Am@_AJYVk@Di@?ELJDELkAHK?????A@s@Jc@@c@AI??
-36.849048,174.774593,-36.850804,174.810001,3867,790,pa|_Fetvi`@AAe@AoARwAd@aB~@}@mA_Aw@w@m@eAUu@a@CC?????AQ_Aj@yBb@eCd@kCb@mCb@iCb@gCb@oCd@oCd@mCRoCIqCIqCBuCA{CCoCHyCAaCBy@FSP_CDcB@??G@gCLsC`@qCp@eC|@}BpAgBvAcBxAeBxAcBxAcBxAcBpAkBhAuBbA}Bz@eCl@kCd@_DTqCJuC?wCIyCSsCe@iCc@mCo@_Ci@oCYqCa@oCe@qCqAaBWe@a@aAm@eBu@{@US??????DAr@`@BB??
-36.845169,174.770713,-36.852719,174.769663,1077,471,hi{_F}{ui`@@@l@a@TyA@Q??h@N`AWz@Wx@s@~@Yb@Q????f@c@p@k@n@e@n@m@f@_@|@[x@]bAFn@n@p@t@v@x@FJ?????@??V^d@f@l@x@j@v@t@z@r@z@p@~@l@r@RH???@????@Av@Br@v@r@x@RJSK
-36.845103,174.76662,-36.851236,174.768656,1218,406,zh{_Fkbui`@????TJz@VdAf@`AJjAJz@J`AXfAXnA\r@AfAd@|@h@Tc@T_A`@cBLu@Ca@ACZ_@e@s@U_AUy@YkAQeA@s@l@Rn@^l@^j@Zp@Jp@gAdACd@Qr@VbA^|@TYcA{@]GB?@??
-36.855445,174.758453,-36.848909,174.77302,2082,693,pi}_Fiosi`@??XIlAaAjBS~@QdAIfAKZ{@N_BN_BB{ACmA?K???A?A??????A??@@iA?mAd@sBp@aCHm@DMMo@gAw@k@s@u@c@}@eAs@qAy@aAy@o@c@]YmAk@m@g@u@m@{@q@aAgBw@_BgB_AaAm@m@m@y@g@m@}@_AgAcAgA_AgAkAi@{@{@_A{@kAy@eAa@i@AA?@??????g@q@y@aAm@s@_@a@q@A]A]ZYZFP??
-36.84631,174.76672,-36.847927,174.7578,998,372,lp{_F_cui`@B@@t@Gd@BDVt@Q^O`@Iz@KVWFHTn@d@p@xA`@\n@XpAVlAZhAf@Vz@e@hAIdAQtAKx@BAA??@??@@ALYxAU|AUdBORHf@XlCPbBTnAH~ADl@??
-36.842679,174.763979,-36.845105,174.773344,17508,3700,vyz_F{qti`@?A????A@??A?c@C_@_@CA??HI??@CPs@@E??????????FSXm@RgAVuAXuAPwAXsAVuAB[LgATmAPyATwAVwAVwAVwAVwATwATyAVyAVuATuALsA\qAb@yA`AuBbAwBl@eCTq@`@gCd@mCX}A^}BRoABMFc@\uBd@oCd@mCTkCCmCCy@XG^n@@~BOjCOnAKj@WbBYzASnAUjAUnA[hBa@fCa@lCa@|Br@p@Jh@UtAApABj@XD@G??A?@?A??????ACAm@?aA]e@]a@Ub@iBBMd@aCd@mCb@kCb@mC`@mCd@oC^aCd@mCXmC?mCOkC@sCByCE{CFyC@uCNqCLsC@eCHuCZqCn@iC|@aCjAoBvAaBvAcBvAeBxAaBxAeBlA}AlAoBdAyBz@aCp@gCf@qC\oCNuCDuCCwCOwC]kCc@cC_@_Cu@gCc@qCYqCc@mCm@iCuA_By@uB]wB}@a@_@GwAwAIo@T?Vu@@@??@@@n@x@v@f@pBr@cAXmC^mCPqCVaCdAyBd@gCe@mCs@eC}@wBmAoBwA_BaBwAmB{@eBdAiB`A_B|@iBv@uBTsBPoBKSg@A@????ACK[AC??????????Ai@Du@TgCRiCJoCHgCBuCOsCi@mCk@kC_BwAi@qAAcAVeAh@eCf@kCj@{Bx@cCnAkBlBu@`Bk@`A_@p@eAZwAZyAVyAVuAN_ABiANqAJqAAyAC}AC}AUwAc@qAw@wA}@}@{@}A`@yBb@mAv@aCt@aCv@cCp@{BN_AIP?J??????????????@?If@i@~Au@bCa@`Bs@xBu@rBm@xBx@tBtAdB`AxBZpB?|AB|A?|AOtAKxAKvAYtAUvAUpAYtAa@lA}@f@eA`@eA\s@TcAd@q@hA{@xBk@xBk@hCg@hCa@jCt@vB|AxAh@fCh@hCLnCCrCIdCOnCQnCSfCLdCbAz@rBStBWjBm@jBaA~A}@vEgAdBjAzAxAnAdBfAtBx@|Bl@dCTjCw@pB{@~BSnCWlC]nCYlCV`Cv@|BrAdBp@dC\pBVdC^lCl@dCh@|Bd@lCb@vCRpCDnCCrCKbCUpCa@lCi@fCu@bC_AzBiAtBoAjBwAbBuAbBmAxAyA`BwAbByAbBcAxBw@bCg@jCUlCErCErCUnCI`CCpCClCB~B?`CAlC@`BNdBGzC_@rCa@|Bc@jCc@lCe@jCc@lCa@lCg@hCe@hC{@|BiAhB}@`C]zAJDd@`@????
-36.849145,174.773467,-36.852569,174.767308,818,355,db|_Femvi`@A???FLp@j@l@v@n@r@`@j@????????????B@d@p@n@p@h@x@h@t@p@v@p@z@n@x@h@r@n@r@l@l@n@p@f@r@n@t@^d@h@j@Zx@u@l@w@n@}@v@CRCHOF??
-36.847603,174.760725,-36.848281,174.763392,274,357,nx{_Fq}si`@????????@GD]FYFSJWBUDQHQAC????????BIH[@UFWH_@F[F[?[D?DODSF[DYHINKBYESWC??
-36.845046,174.768952,-36.837468,174.742663,3051,871,ph{_F}pui`@??M?g@DQnAUxAWpA[pAVtAN~@QdA[nAKl@????CPSvAYtASlA[rACjAUpAMzAQxAc@`AOvA^hAf@z@v@|@bA\Tx@WnARfA|@\dA`@x@n@HnA_@lAUdAUnAAB??????Ir@SzAYzASpAYxAc@|@kAY]n@QjASrAYpAV|@dA`@x@l@TbAYxA_@hAm@dAg@hAg@fAg@nA[hA[rAWvAQnASxAQtAUnAe@lAk@|@y@x@eAb@{@\}@f@m@bAo@hAMT]r@g@bAm@jAo@h@y@Ck@hAg@dAs@x@iAOcAKW@??
-36.850268,174.764611,-36.848462,174.770469,642,462,di|_Fyuti`@CC????s@Sy@]kAQSgAPmALu@Ho@Jc@Ek@??HIG]i@s@ScAUkAYkAQw@QaAUgAUgAGg@?A@??A???????????????GIk@????????????????CAAgAHS??
-36.849319,174.765289,-36.843387,174.762365,1255,479,fc|_Fazti`@??o@Qi@MmAWkAUaB]e@?d@?e@?w@]kAUeAIw@SoA_@gAQ}@Oe@G????????M?aA?g@OMGaAa@aAu@m@\@???YVUnASpAARWhAWrAUpASpAAF??If@LvAAx@`ANz@r@YpA^v@h@@??
-36.854246,174.767871,-36.852654,174.769124,211,107,`b}_Fejui`@????WMe@[SYs@g@y@o@g@c@o@i@g@O??
-36.857681,174.766181,-36.846308,174.761552,1745,918,nw}_Fs_ui`@AAKKsAoAcAH{@b@k@l@c@x@o@AiAEYD?@g@\kATqAf@_AXqAl@e@Z????????eAr@}A|@kAb@aAT_A[[GcAi@OM??A?????????ODu@^@B??AE?A???A????O?k@_@aAIq@Qu@i@k@Ye@b@w@hAU~@ShAQn@?@??????E\Gt@Cf@a@lAQ`AQjA@H????????A?????CRShA_@`B[vA?T????A?@???????q@SqAc@w@S}Au@e@y@`@}@@I??
-36.856435,174.763424,-36.843647,174.763493,1725,506,to}_Fknti`@_K|Cc@OiAe@sA_@uC_Bk@K}@GgAc@kAc@kAg@YM_Aa@_Aa@iA]uAw@gAe@}@UmA[eAOmBu@u@LgAKiB_Aw@YKLgAU}@?{AiAmARHnBm@jAMBA@k@z@BzBW|AOzAe@b@QP??
-36.844581,174.755408,-36.843959,174.769267,1676,597,re{_Fi|ri`@@?Hc@TwAXuANc@??Do@L}AXyA^kACyAq@s@c@e@VuAEo@o@s@aAW_Ac@eA_@s@cAm@eAB{ARqAVwAPwATqADS}@_@aAWiA]u@u@R{ATyAZyANu@Lo@TwAR_BTs@dAEf@_ANwAVmAP{@ZwADa@VS????????????F?`@A??EA_@?s@Jg@BCH????????????????@A??????????????????????????@????A?????@??????????A???@????A??????
-36.848005,174.770235,-36.850052,174.764871,618,232,`{{_F_yui`@??@@j@^DNTx@R`A\vAXvAZvAThALdANp@^v@OvAMXBHV|@@rBV@bA\j@TR^S_@H\??
-36.843574,174.765729,-36.844194,174.757012,1044,292,h_{_Fy|ti`@@B???Db@Nj@Vm@pB?fB@jBQxAUzASxAQpAQvAAvAp@fAr@fAbAd@n@`ASpAWpAdA`@fA`@bA^JlAYhAUpA]pAu@`@aAKMK??
-36.846511,174.765996,-36.847627,174.760742,688,379,tq{_Fo~ti`@??@@`@H`@Rl@Lt@C`@NJN^Ll@Pl@B`@VRFZ@\D@PMp@G`@Mz@I`AEn@GVCH????C^Q`AOt@Oh@Kp@Ox@[`AMv@Gh@Ib@G^EZI\????
-36.852864,174.761185,-36.865455,174.758686,2176,780,jy|_Fm`ti`@????OEeAVi@\@F??n@v@tAz@|Ax@|A`ApA~@nAp@~Aj@hANdAM??????@?fAExAOv@I`AEbAMNqAH{AJuA@cABgAAA??Aq@?sADgA\uAn@{Bx@MlA\JFn@Z~@d@`Ab@~@d@fAh@xAv@@H??@CF@fAh@xAv@zA^hAVvAr@zAT@I@?A?@???????@A~@PhAPpBL~@fA??VVl@v@j@pADLD\HdB@X[A{@UAC??
-36.844808,174.758967,-36.848561,174.765303,1532,595,`g{_Fqrsi`@????SLeAWeAWq@aAo@aAo@_AD{@Py@q@cA?{@u@a@O}@RsATqAVqAq@c@aA]Mq@Xy@@A??????????????????@ENiAVmAXoATmAFqALy@H{@\{@fAUhA?dARZE??HHj@\pBfAT]hAl@z@H~@LbAFr@T|AX??~B^^r@\T??
-36.857582,174.762503,-36.848751,174.770522,1443,458,zv}_Fshti`@IGw@Yw@kAX_C@kAHeB_AuAs@u@u@w@AM????IQm@q@y@aAy@{@s@_Ae@_@_@g@]k@YW{@i@QSa@]CIy@k@s@}@q@u@u@u@k@[Yc@m@o@g@a@o@u@u@w@s@eAw@_Aw@aAq@k@cAYaAR}@t@w@|@q@t@i@r@MR??
-36.852283,174.758258,-36.850428,174.764769,803,401,vu|_Fcnsi`@DD?CCBA@@D?@@@?@?A@?EB?@??WYiABg@Qo@M?CJk@JuATqAPi@??HSXkAToAa@{@o@u@a@w@g@kAq@oAaAo@_@a@WeARaA^cAHoAHiASS_@k@@G??
-36.857888,174.759944,-36.851671,174.760325,786,173,xx}_Fsxsi`@AF_@jA]fAgAFkAJmAJoALwAPcCSiBiAeBeAgBeAuBu@yBkAwAZMf@?A??
-36.854885,174.760472,-36.85348,174.757333,525,317,`f}_F}{si`@??BBl@l@x@bAt@hAr@fAg@t@kATi@EW@y@Js@Di@@g@VUJ?A???@IN_@dAOz@G^??????????????Oh@QN??
-36.84296,174.766033,-36.844723,174.764228,2275,823,n{z_Fu~ti`@@A??Dw@PgAV_A~@CfA@`AT~@Tz@b@bAT~@P|@VfABp@h@`AR`ARbADd@?~B^l@d@z@Xj@D~@Dh@h@|@N\Zz@Lv@R`@J??BHGbAYr@SdAMl@Ef@M\w@Ms@MuAO}@W{@W[KCAw@_@s@McA_@_Aa@e@]O??@A@??WfAUlA]v@Mv@MfAGRA?_@KeA]aA_@aA[_A]{@[?w@PoAUf@APA@Lm@RaAP{@N{@g@c@eA_@]lA@tAz@TLB????
-36.845441,174.766305,-36.85587,174.762423,1309,527,~j{_Fm`ui`@KAJ@??VVv@J`A[dAn@z@Lz@Tz@Bd@?xB`@T\x@Pv@TB@DBhAApAv@t@RZF\Bn@Tn@Xb@Rp@An@Rl@Rr@XzAf@q@_@dBv@t@Vp@Rx@\p@Ll@RB@??HDl@VVFf@P\DXXZHXLXJZFVFRDXNTJDD??
-36.847716,174.76653,-36.845712,174.772985,833,306,fy{_Fyaui`@A?????ECo@Ue@Mw@Us@Ji@Fk@[_@GDy@RuATgAB][qAUwAb@{BaAcAgAg@y@_Aw@w@IyAJwA`@qAf@oAd@aAJc@??DC??
-36.846488,174.7735,-36.849233,174.780485,1141,298,pq{_Fkmvi`@BABEP{@\oANiASs@I_BH{Ax@s@fAPx@Q~@I~@E`@p@b@pBh@zBx@[P}AViA`@{@^s@^gAs@{Am@wAg@mBi@oCWoC^eCh@_A????
-36.851623,174.760335,-36.85227,174.75799,326,181,rq|_Fc{si`@@???Bl@@@PJNJ?A????K^YjAa@|A_@fACFHv@f@XpARt@b@HS??
-36.857276,174.766254,-36.848563,174.773334,1384,434,~t}_Fa`ui`@AD{Aq@KMfAFG`@s@Tk@u@uD]s@aAy@{@k@i@[Se@IiAmAm@aAs@{@g@c@k@]SK[cA]o@aA}@u@i@]S??_@Ue@}@o@s@i@u@u@eAcAsAq@s@g@m@Y]S[w@y@]q@o@YF{AqDzAHAGN?@??
-36.843511,174.767402,-36.84778,174.789102,2022,683,|~z_Fggui`@p@cJX{ALu@Ha@VwALq@@OPmATyAX}ATyAV{ANuABUP{@b@uAl@kAj@cAl@eAd@sAZyAPyATyATwATyAVyAVuATyAV{AVyAV{AV{AXwAPwADuAAuAKwACyA@{AB}AAcBC_BAaBFaBB_B?aABaANuAF{AD_A??????????
-36.857638,174.766159,-36.853464,174.768862,592,218,fw}_Fo_ui`@????O]gAmAqAFe@z@o@\UVKAi@o@q@w@g@e@u@}@u@}@i@s@e@Yo@k@s@m@q@i@k@k@QUMI??
-36.845791,174.771484,-36.852596,174.769505,941,379,dm{_Fw`vi`@@M?ARGz@MdAUz@Yv@UBA???Aj@g@v@_@n@m@r@e@p@o@~@a@v@g@v@Np@p@p@bAj@|@DF@?????????HJp@v@l@t@j@z@j@t@z@~@n@dAp@t@l@l@d@f@|@r@LP??
-36.854737,174.765754,-36.844447,174.766908,1227,365,be}_F}|ti`@STeB`AwAr@kBx@_Bz@eAb@w@X{@EgAc@eA[AA??q@GgAi@gA]s@a@}Ai@[?CCw@QkAQw@a@yBa@e@?qAQmA[q@MaAg@cAIs@Ly@q@g@A????]M{@m@IG??
-36.855828,174.76579,-36.857962,174.760151,659,341,|k}_Fe}ti`@A???NLbAZx@b@v@p@p@t@Xx@CrAWtAS`BKr@p@t@x@n@bA\Fn@@~@G\??????C???????@A?????@?@Nz@\jACtAA`AAB??
-36.842682,174.76391,-36.845202,174.757907,763,217,vyz_Fmqti`@?AIDa@`An@j@fA`@BbAWrAWvAGpA`Ab@GfAYtAVjAp@~@p@dAb@fAdA\dAZ|@XbAVZbAIlA?B?C
-36.846718,174.756637,-36.849681,174.760812,602,206,~r{_F_dsi`@?@D@x@Hz@AjABbADdAJTmAXgATmAJiA^cAP{@R{@Ny@@MJc@ZuATwAPcAB[??
-36.852474,174.77327,-36.854024,174.776305,362,168,|v|_F}kvi`@NUCAo@s@Ag@??DEz@w@z@}At@cAh@eA`@]BQBI\o@f@aALW???A??
-36.848249,174.765672,-36.85012,174.764847,472,277,p|{_Fm|ti`@??E@v@~@Rb@t@OcAIa@Yd@d@|@HBC@??F??G`@DOZGz@c@?????ZV?R?LDlARk@G\b@L[V`@??
-36.849319,174.765289,-36.851293,174.759134,848,276,fc|_Fazti`@????????JzAzBe@GxAX\z@RpAAfAb@fAXlAZChAg@dAQj@c@jAQdAV~@AJB^TfAp@z@MnA[rAShAg@xBCN??
-36.850262,174.764822,-36.855591,174.765183,749,383,bi|_Fcwti`@????j@^v@LXq@VmANMn@?~@Z`A^Z~@FbAHd@?D??????XLn@Yh@Q\O^Id@K@APW@I??HEn@?^`A\Dd@O|@UnAw@z@_@^YRIPAFI????
-36.851851,174.77013,-36.847292,174.76265,1313,741,`s|_Fixui`@A?CR??CVMPQNU^M`@Id@En@Qf@k@Gi@S]M_@GYOYAOVMV_@Og@Sm@Se@QYIe@Qe@Oc@Q[BP~@Lz@RpAVvAXtA^pAf@jAVRI`@Mb@I^AJ@NEVG^Kl@Rz@??????]a@??@?OJUl@[tAU`AOv@Et@Ot@FD???A????@?????KLm@@eAa@o@Oc@hAYt@Iv@Mb@?A??
-36.853925,174.764972,-36.852976,174.765285,125,52,~_}_Faxti`@AIg@VyAIq@e@E]??
-36.851731,174.758352,-36.85155,174.75925,98,55,hr|_Funsi`@AC??u@g@DaALeA??
-36.844448,174.766966,-36.844445,174.766945,1529,939,xd{_Fqdui`@????B?@?F@PN?@????????HFXRTVl@^z@Jr@T~A@r@b@bAXx@RfADd@?~B^Zf@bA^d@N@A???A??lAG^Hj@Zz@Zb@Nd@JPBV@VXHL?????JKJC?????E???AMAKACc@[g@Qq@Oe@YYWm@W{@Oq@KC???????@???????k@Mo@O_@OgAKw@Se@?i@KkASm@OOEk@Is@c@[Ei@Iq@ReAi@_@AE]MEEHECYOKKQOGG?A??
-36.850668,174.764715,-36.854535,174.763096,461,202,tk|_Fovti`@??@Fr@^j@Dv@\x@Vr@Nb@???B@z@\`A\l@L|@b@|@b@l@H??RN~@Nj@N?@??
-36.842785,174.76516,-36.84859,174.769644,1045,346,lzz_Fgyti`@???CH}@VuANwA`@uAz@e@bABbANdAZh@Bt@p@rA^r@L`ALx@k@VyAZqA^w@L{@P_ADaAHgA@eAAeAJcAPw@d@?r@Zx@Pl@Rl@Lf@RJB??
-36.859562,174.76074,-36.858426,174.761288,135,62,fc~_Fs}si`@??s@So@WaA[s@a@GC??
-36.848922,174.766324,-36.847701,174.770033,447,211,v`|_Fo`ui`@@AA?????????h@FTg@Pg@Qc@OcAU_ASeAUgAScAUgAUcAGaA@Uk@UgAUi@Q??
-36.845707,174.770888,-36.849154,174.774803,540,146,tl{_Fa}ui`@???ADSZiAJuAd@qA|@mAzAsAx@u@|AkAvAw@jAuAjBo@Xc@????
-36.851304,174.758992,-36.863843,174.759072,1844,366,ro|_Fursi`@@??@Ot@tAh@pAf@`Bd@dBp@bBj@vAZpAn@bBfA|AvAdB`AlBj@tBLrB_@pBu@fBw@hAg@z@k@@iBLsCCcCBkCJkBL{@n@DpAh@`Br@jBf@tBp@~AbA`B`AfAF^GTcAjAP??
-36.84737,174.762518,-36.848717,174.770793,1057,452,`w{_Fwhti`@????@???@KTc@PeARyA]m@uAaAg@Q??ECy@e@_Ac@k@a@L{@R}@Hc@@[VM???KEy@RuA^iAP{APy@FeAL}@Fy@A{@Aw@Iy@I_AXw@\e@Xg@p@Br@Nf@Tf@X`@O\u@d@m@HM??
-36.84636,174.766833,-36.856392,174.747037,2908,1107,vp{_Fucui`@??????FHGl@e@v@??DDHC??F@|@^fAZzAVd@?fAd@t@PN^p@Nt@RC^?BCHGx@IhA_@|@MbAv@h@bAXz@Zx@b@|@|@b@D^E`Ah@hAb@t@r@`@r@b@v@j@z@RRBBdA~@pAjA~AbA~A~@jAp@pAz@tAr@`BTvA[jAB~@K~@IbAIt@GD?F|@KpABpAXzAXrAXvAPlAXvAXnAVhABH??????HXRhAVrA^pAp@bAn@t@h@dA[|@??????????????[x@k@jAk@rAWb@?@??????O^e@dAg@fAe@`Ai@lASb@??????????M^a@`Ae@`Ac@dAe@dAi@jAe@z@[Z????
-36.851983,174.764072,-36.855551,174.764157,471,306,zs|_Fmrti`@??????????@@HMCED?A??ANFRH^NZHz@Zx@Rz@Xz@\x@Z~@Th@CVsAh@sAp@_@dA@NF@A??????
-36.849106,174.771003,-36.848485,174.763246,793,330,|a|_Fw}ui`@A??B[b@m@n@c@p@If@????FNDNIE?P?@C`AZvAVz@TfAZvAThATvAh@t@@DF~@SbAc@nATlB??iAdAYp@SlAC`AGt@Sr@Od@??
-36.848247,174.762959,-36.844885,174.762819,1183,876,p|{_Fokti`@??????@SJi@N[Bi@L[A??A@?Hc@Fs@F}@PcAHo@G[e@C}@oAUnAcBqBWbAc@h@[x@Q~@Q~@D\@@?A?@@A??????????????????????????????@?JFSFg@Sw@O????[]]]Md@GL????????DQBo@[]}@g@qAAu@Gw@[e@IAPCTOd@Gp@Ej@BJ?VFx@H`AJp@Hj@Z^ZPJPIACA?A????????
-36.843553,174.756894,-36.842906,174.754001,270,94,d_{_Fqesi`@????M|@_@j@IxAQvAKpAKfASlAI|@??
-36.851081,174.760131,-36.849042,174.765639,773,409,fn|_Fyysi`@??????MGg@Ym@Wy@Yu@SOE??????@OHk@PiAVkALu@RaAJoAPs@^iAVoANm@K_Aa@W]Me@Iq@Fu@UYWeAmBOf@AQ????U@SICe@@a@DK????
-36.846306,174.766535,-36.846198,174.772827,795,255,lp{_F{aui`@?D?D_@@eAIgAh@oAgAYGQKaAm@Gy@@kAX{APsA^qAZsALkAJcBVe@Ry@XwATuAXqAp@cBn@}@@???
-36.859193,174.753135,-36.867155,174.730717,4051,732,|`~_Fcnri`@??A@XBl@z@DB@?t@e@`Ak@z@e@xAw@hBiAhBcAvAoAv@}B^eB@tBs@|Bp@|AjA|AxA`BpAjBhAfBjAnBrAfBvAhBvAfBvAfBnAzArAjBnApBfAvBz@|Bv@|Bb@pC\rCDpCHdCApCKpCOvCKtCOrCOvCKvCMtCM`CMnCMrCKtCCvC@zCHtCVtC\`CZpC^zBNnCRpCJhCElC@jBiBDmAeAOsCAuCw@aCw@cBq@aBAkB?mBa@{@OT??????
-36.84336,174.762095,-36.843198,174.76708,562,208,~}z_Fcfti`@?@B@@?BQPoANwAPcAOYaAYcA]aAUc@c@PoATiAXqAVsATkATuARwABc@????
-36.844994,174.768922,-36.857807,174.761839,1834,690,dh{_Fwpui`@??@AD@DN?NFG??f@LC|@Ot@Q`@Of@Sr@Cf@YfAKj@nCtABUlAb@v@RXQr@`@bAR|@TvAB~B^E@x@x@|@b@bBS\dAhBOXt@dANj@N??@?????B@\P|@E|@^z@Zt@Fh@\`AZ|@Z|@Tv@PbAf@LFVPx@Rh@Rd@Ft@b@r@Vr@Vz@Jp@Hr@T`@Zf@Nr@Vj@Pr@Vv@PN[@???
-36.852088,174.764101,-36.850317,174.764869,233,167,pt|_Fsrti`@??????????????AAa@Uk@_@{@a@m@QuAXa@Eu@[Fe@A???
-36.842614,174.76463,-36.848695,174.762395,857,295,hyz_F}uti`@@???`@}@b@}@Hc@Z]X@lA`@hAX`A?bAL~@Rz@Rz@Nx@d@t@fAXP`AV~@Xz@FfAXdAJ~@^Tl@SpAAhAz@ZNP@???
-36.850483,174.765484,-36.854619,174.76643,629,406,nj|_Fg{ti`@BD????????????HBd@Zh@?f@gAn@o@SWFL@??@d@U@???????NDv@DvARbBj@hAj@p@z@d@Hh@Wj@Q\Mb@[j@[?o@G[????DE@e@Ac@????
-36.854665,174.766823,-36.85762,174.766179,452,240,rd}_Fscui`@?????ENs@VSr@x@p@r@n@t@b@b@j@r@TP??????????RUp@q@n@aAv@s@lAd@\z@PZ??
-36.842792,174.765588,-36.84683,174.764396,858,436,lzz_F}{ti`@????H[XoAXuANoAHoAZ^^LSZ\P~@UCICHXJV@TBp@XBQGEFj@LNB?HDPD|@`@pALf@@fAHdAAx@VdA`@v@ZEf@????O`@[dAMl@Qd@?f@APC???
-36.852663,174.7744,-36.850569,174.769114,941,338,bx|_F_svi`@^TGHs@r@OI??A@g@z@@F?@??FHx@v@`AnAj@zBl@`BjApAp@~AAH??{@FeBLoAHm@@k@HaAJ[j@BhAS`AWdAW~@]~@y@a@{@Yi@U????
-36.848252,174.762712,-36.847614,174.765831,409,225,p|{_F}iti`@@?????BCFq@Tw@Nw@ZyAPw@TcA`@kAIk@]c@m@Ko@GYa@i@D]Iq@]??????????
-36.849025,174.764243,-36.844524,174.766677,604,242,ja|_Fosti`@@Cg@g@Ik@Lw@EaAaA[aAKmBcAq@?sAYcAQ????OAaASaAIgAMiAS_@OCA??IA}@g@M???
-36.856408,174.76543,-36.86187,174.761446,711,264,po}_F}zti`@@AZRt@h@l@r@LPJXh@l@r@|@j@p@t@n@\R@@????NLbAZ~@d@`Af@z@^`Ab@fAj@rAp@~@f@x@^|@`@^V??
-36.844562,174.77103,-36.850089,174.764701,1007,499,ne{_F}}ui`@???@DK@D??????DB@BCB???@?A??????????????@?RFf@Vn@|@`@v@^l@h@l@hAbAF|ATpAUlAIpA?jAXd@t@v@I^Uf@p@`AbAn@fB\d@?~B^URhAl@~AVhA\bA\z@`@PH????
-36.842638,174.767443,-36.847561,174.773619,1015,542,nyz_Fogui`@@?@?J@d@D`@Bf@MJs@PwATwAT{AVyAVwAVyARyAVwAVwARmATyAVuATiAJ]??d@HVT\Bj@Tj@?t@Zx@LB@??????@?d@_@r@y@v@s@r@_@@A?A????BA^E?@??????Nj@@X????GKA??@??
-36.850114,174.76381,-36.842863,174.755484,1451,519,dh|_Fypti`@@K???@?ATPr@RKb@EXMlAQh@??Md@Q~@O~@YdAObAS|AYvAWzAYhAAJCNW~A[xAG^??????_@rAWdBYxA_@pAe@HcAQaAE{@@kACcAQaAKWDy@RgAUcA[}@DcAWaAY}@W[t@a@fBW|Am@|@o@TGB??
-36.849192,174.764248,-36.853518,174.758884,847,289,lb|_Fqsti`@?C??TNv@h@z@Tv@Zl@b@`@LRh@It@Qj@Sn@Or@QbASbAUjA@dA~@Z|@Pv@Zv@Vx@J~@v@fAp@v@`@~@\b@^jAp@\`@?@??
-36.844487,174.766834,-36.852206,174.766491,997,476,`e{_Fucui`@?BRFF@??????VTd@XbBh@j@MdBT?I??PBl@@nAPv@TvAr@`AF~@\dAVz@b@pAH??nAd@f@TZDp@R`AP\PBB????????A??@@@n@BNi@FaAT{@l@w@n@o@b@M^w@V_@??
-36.84833,174.773213,-36.861141,174.77021,1843,510,`}{_Fqkvi`@@@??`@Sv@]`AGdATn@j@l@x@j@t@j@t@l@t@p@p@j@x@r@x@p@|@n@t@hAIlAEv@l@lAKnBMbCSrBWtAb@v@bAT`An@P\BzAd@jAd@|@\|@V`A\r@T^Rl@j@n@h@l@l@n@n@l@j@l@b@j@h@b@f@`@ALoATqAVmAP}ALyAZqARqAAQ??
-36.846829,174.765986,-36.849563,174.775979,1280,359,ts{_Fm~ti`@??k@e@e@Wq@DYqAPq@DgAFcB^kAIqAC_ABiA_@oAw@gAYcAu@u@AuAJwATmAVwAz@eA`@g@FC\[dA_A`AaAr@e@bB}@lBu@rA_@z@YXwAX}Al@eAVa@]d@CB??
-36.84272,174.764192,-36.844384,174.766956,369,119,~yz_Festi`@?A??FeAZyAVoAJgAJiAXwA\iA|@_@pANp@JA???
-36.857394,174.764767,-36.849991,174.765675,1055,408,tu}_Fyvti`@@@IMm@w@k@u@_@_@a@c@i@y@_@k@eAy@y@aAi@u@o@{@i@o@c@e@i@YaAy@i@_@??MF_AX_Aj@{@p@u@p@g@~@q@z@u@|@u@dAu@t@GH??????A?IPi@t@a@d@o@Ko@Bc@Yw@UCA??
-36.856687,174.761897,-36.845936,174.766293,1298,443,hq}_F{dti`@??????A?GAk@Kg@OaAUw@[i@Su@Ik@Im@U}@UY[??a@Wm@Me@c@_Am@aAOaAQgA]kASgAQ_AKi@i@w@c@q@QeBeBWn@}@i@iAk@cASq@KmAy@yBa@??e@?[EiAOoA]cAc@m@E?@??
-36.854276,174.763183,-36.858274,174.763464,625,378,fb}_F{lti`@?@@B`@Nj@Jl@Tf@N`@Tf@L`@Hf@Tf@Fd@Pd@NZR\JXLN@f@Nv@Tr@TX]LmA\{Aj@sBY{@G??????????????????A??j@PCL??
-36.856327,174.762191,-36.857792,174.762099,204,78,`o}_Fufti`@BBx@Xr@Pp@P~@Vv@NHs@Ac@??
-36.843203,174.765866,-36.856469,174.761985,1654,653,~|z_Fu}ti`@?@@AK]Ng@Fg@LeAb@g@~@[fANj@H?????????@??T?@FFA????????V\~@X`AL|@HdBt@d@QhA^bANbADf@r@xB`@p@?~@LhBz@THt@TbAl@jAX~@b@d@r@n@\fAZdAR~@TbAX~@Z~@X`ANZL^PnAj@l@Nl@Xx@PfAZl@Xv@Xx@\|@\FC????
-36.855188,174.762563,-36.850136,174.764639,597,229,|g}_F_iti`@??WKs@Gk@a@}@KGC??e@Qu@WeAa@qAWy@YsAc@eA]iAQeA[k@WWIk@C]a@w@]UE??
-36.849805,174.77466,-36.874658,174.762505,3887,1144,hf|_Fstvi`@?????A??????\@X`@bAz@zAx@fBV`BXPVDPDNt@K|@`@x@lAh@|Bt@zAdAxAf@hA?HCxApAtAdA|Af@rBbBt@|AjAhBpA|ApA|AlA|ApA~AlA|AnA~AlAtAdAzAjAjAfA\zAFhCm@dB{@rAs@bCm@fCD`AfA`@jARf@cBf@kBXgAFUL@dAn@zAr@zAb@tATbARnAVX@??????????~@V~@AlAX|@\RP??@?????A???XWr@u@f@c@x@w@`Ac@bA_@t@QfAPn@t@~@|@hAd@dAb@VP??@?v@Tv@\`AVdAEv@Kh@m@`@a@n@c@j@s@v@w@r@q@v@w@bAI`ABxAA`ASbBEhA?|@Dl@AOc@ACDm@???A??
-36.842402,174.764412,-36.846302,174.817197,8883,2315,~wz_Fqtti`@????????????????A?HUJe@N}@Pw@VWNq@RiATuATqABI????@ERmANyAZuAPyARoATyAVuATwAVwAToATuAToATwAVwALwAF_@?A@CVeAh@gBhAqBdAuBj@kCf@mC`@_C`@mCd@kCb@mCb@mCd@oC`@_CLmCIgCGkCBqC?iCC}CFyC@uBPmCLsC@eCFiCLaBXcB\wA^mAj@yAhA}AvAcBvAcBjAyAxAcBxAcBtAiBlAoBbAyBt@sBp@_C^eBT}ABg@?A??????????????????????@?DQR{BJgC@uCIuCSsCa@iC]yBq@kCo@kC]qCYqCa@_C}@uBcAwAk@wAa@gBJwB\mC\mCPsCb@gCbA}BTuBa@{Bi@sBy@uBy@yAy@}@m@WCCRSWWs@q@y@o@cBy@oA^iB~@}Az@gB~@mAZcATYH??A???A?}@DwAN_Ak@]oBPuBTgCLeCHuBBwA@a@?E@eAAgCg@mCi@mCmAkB_A_ASc@CE????FgAn@kCb@oCr@iCr@gCz@oBdBcAZk@^w@j@aACw@?I@?A???????????@A??????BDj@^x@Tl@^_@f@u@\{@\aAZKFMPaAl@y@bA{@xBq@dCi@hCe@hC[zBfAjBnAdBh@fCb@zBN|BEzBGpCMnCM`CSlCClCdBr@tBWhBWjBy@x@e@BA????MJyAz@eAPo@Nm@Fk@HQB??????A???????
-36.845399,174.773665,-36.848371,174.773383,592,205,vj{_Fmnvi`@@@??XNr@RbARr@f@TdA_AzA{@rBr@NbAc@x@[x@a@j@k@x@o@l@w@n@u@p@e@LB????
-36.857043,174.765891,-36.8578,174.748938,1867,644,ns}_Fy}ti`@????UZc@{@m@i@_@l@Vf@p@|@p@r@r@v@p@t@n@x@j@x@v@r@XN??Ml@[bA[rA[lAKvAFd@????AB@lAAjAAnA@hAQbAG`AOfBMlAQxAXtAVtAVtAZpATvAXrATdAT`AVlAVpAXjAFPn@z@h@t@n@~@_@jAg@nAm@nAg@pAGHW`@]`Ai@fA_@|@i@pAKZ??????@J?lAAF??
-36.845616,174.767816,-36.852435,174.768865,1069,337,bl{_F{iui`@A???VZ~@b@FnAr@b@f@_@j@}@VaANgAHqAJgA?KKgDTw@\[h@Vv@Px@ZjAPbATbAR`AX`A\fA\fA^bA\fAZhAP`Af@x@c@p@cA??
-36.845976,174.772008,-36.847614,174.765831,716,261,jn{_Fadvi`@??A???@ACHKrAWrAK~AApAXd@j@b@R|@FjADfCYzAMfAOjAh@f@r@r@SdBx@j@~@\`BXd@???????
-36.849314,174.773562,-36.85369,174.768223,718,265,dc|_Fwmvi`@@AXRn@n@f@t@l@p@XT????Xb@d@x@l@n@h@t@f@t@f@v@n@z@r@x@r@p@t@t@r@n@p@p@d@r@h@r@r@l@v@l@Mh@YJ??
-36.850633,174.762683,-36.850355,174.760837,236,112,lk|_Fwiti`@A?_@Zk@VOh@@F]jAQrATx@|@@Al@B???
-36.848828,174.768544,-36.853454,174.768974,895,498,d`|_Fknui`@????CKEUKi@IYOw@Ky@DC??????????????ACIKAGDm@GS????J_@\e@b@m@d@k@l@y@f@m@`@m@^m@j@m@^Kl@Xf@t@d@l@JJ`@p@j@r@p@v@p@z@h@n@b@`@h@n@t@t@`@JNQp@n@b@d@XP??????
-36.849114,174.76583,-36.859017,174.78151,2149,659,|a|_Fm}ti`@??Pe@^w@Ry@YeA[}@OaAOaAUgAUgASgAWiAQeA?qAn@eAt@aAh@s@p@y@v@iAv@aAf@_AKiAHyAI_AJOCGZc@Vs@Da@x@_BXgA\mAZeA^eATu@T{@Vu@Ty@V}@Vy@Vw@b@s@r@_@p@_@|@c@v@_@bAo@`Ag@|@g@x@e@`Ae@z@e@z@Yx@g@|@o@t@_@t@c@x@e@v@a@v@c@j@|@p@~@`A?r@k@n@o@LN??
-36.843705,174.763171,-36.840526,174.755919,1975,1020,d`{_Fylti`@??????????????I^G`A[rAYdAWfA_@LA????A????????????????????????????a@IQg@TyATyATuA[_@CC??C?i@QOB[MYbASVA@A?@@@OBCLUH]LYJA~@^v@f@YvAWrAWvA^r@j@h@MnAABCTC|@l@BGr@r@hAr@fAv@x@fA^hA\dA\Vv@?|@[v@WtAUnAs@IgA]cAa@i@KWt@StAU|AWxAQ`AYdA_A[gA[_AWcAWeA[cA]cAMU?AHAB??????????
-36.856332,174.765436,-36.848867,174.764701,1073,516,`o}_F_{ti`@????????????????????c@SaAd@{Av@kB`AaBj@M@??????w@`@ThB^`BGf@Q[????WEcAU_Ag@cA[cA_@cA[y@UeASgAa@o@e@m@De@m@{@[gAMgCu@????????????????YKg@p@S~@CN??
-36.852797,174.759083,-36.855765,174.765941,1025,436,~x|_Fgssi`@???COAYM[WOWi@_Ay@s@KGTiACoA{@{@y@eAa@cA?w@f@e@Z_B\[X_AVsA^m@DA??Js@r@a@t@]l@a@f@Y^S@C??????????JM|@g@x@Uj@a@zA_@dA_@TMrBg@XL??
-36.856791,174.763219,-36.850883,174.758929,959,291,|q}_Fcmti`@??A@CvAm@nBkAQ_AS[Iq@LiAYgA_@cAW]Si@KI|Ai@pAo@^y@n@_A\aADeAPo@t@e@pA_@bBCP@?AB_@rBk@rCeA[??
-36.850812,174.758887,-36.859309,174.759807,1346,487,pl|_Farsi`@??BAXJRD\NA@CHIb@?B@?D@|A^hBj@|Ah@dBp@dAl@RP??????????????????JDp@F??????L[rAVbB`AzAxAdB|@bBh@rBPpBWjBs@~Ak@|@_@bAe@r@kASsCVyBGoB{@y@b@sA??
-36.844552,174.766708,-36.861078,174.759983,2032,658,le{_F}bui`@]`@PFFUpANbBj@f@ThBMf@Z~@E`@\d@\bAXj@SxB`@`A|@l@b@`AC`A\|@f@fAFr@Xx@Hx@Rt@BdAp@~@Xx@PfAX`AT~@Tt@Zv@`@PF?????AA?@Al@Xv@Pp@Jz@h@`ARt@XT`@Xf@x@f@|@b@x@Hr@N`Ap@t@Zx@CJS@@x@f@bA?hA`@`Bn@\JdAh@rAb@f@Fl@`@v@PVX??
-36.853236,174.759021,-36.857129,174.762605,857,282,v{|_F{rsi`@A???@@??fAn@pAd@nBOjAQ|AIz@IrAO|AObAIdAG`AKFyAJaBJ{A@yA@{@????????@k@AyAOeAsA_@c@W??
-36.853519,174.757317,-36.857148,174.762549,1370,335,n}|_Fghsi`@RDt@F??DM`@O??@?n@TfB`A|AzAfB`ApBp@vBLtB]nBq@~Ay@jAe@~@i@BmBJgC?cBKuADkCPiBg@aAkBk@gBo@eAiAKsACkAuA_@k@S????
-36.844364,174.753405,-36.842676,174.765202,1299,400,fd{_Fyori`@?????ACA]kAPuAA{@FsAVuAXuAXwANkAR}@VuATqAZkAIyAy@o@KsAVwAi@u@cAEq@[_AYs@{@q@eA_@mAcAg@CkAVuARqALoAaAW{@]SiABiAPuAXsAJe@@???
-36.852215,174.764397,-36.848457,174.765806,543,250,ju|_Fotti`@?U?GL`@q@S_AMs@Sm@KA???qAd@aAg@eA_@aAa@{@a@c@MUA??T@??????oAa@_ASm@I@e@NA??
-36.850255,174.760766,-36.846265,174.765085,712,277,`i|_Fy}si`@????B?_@_@CkAZoA?Ke@SDaAE_Au@c@w@g@kAe@kA_@c@SA@??c@QgA_@aA_@}@q@g@IAD}@]aA[aA[MgA^w@??
-36.846163,174.773072,-36.848405,174.772461,573,236,no{_Fujvi`@@???A@FNw@|A}@bCIpA?@???@h@L~@]`A]~@]`Aa@`@XT|@Pl@\WJOb@m@z@kAr@eAB?????
-36.843556,174.762863,-36.84832,174.762817,1267,636,f_{_F{jti`@?A??ENEP@?A??LAFK`@G^E^N]Ls@H{@Fq@Nu@Ic@aAUw@Sg@O_@O?A???AA??Be@KGsAVeANmAVoAR_AF???DAj@PZN\?l@Xh@^f@Hr@Hn@Vz@`@n@Rj@Nj@?h@Fn@Nb@VnAj@n@Rj@Jf@Tx@Pd@V\JRK|@XJ|@Er@Oh@Ad@B@????PM
-36.858377,174.761093,-36.84506,174.766639,1590,1026,z{}_Fy_ti`@?A????????MEa@GIF?@??????ECCA??????????????SM[SA?YOGCg@O]Kc@Si@Mi@UQG?A????YIg@Oc@Kk@Qi@Qg@QUGS?OEIG_@U_@U_@Eg@M]MEA???A????GCe@We@Qo@[a@W}Ac@iAW}@e@q@My@E}@]g@U_@OCIIESK]GIFKCEE]Ww@Ss@[m@Wm@a@o@[]B?@???A??ACUc@MIWMy@Bg@WeAI_BUWU}@Q{@[g@@cAUkASw@Sy@U[K????
-36.844419,174.766796,-36.854551,174.759216,1521,589,rd{_Focui`@AA??C@PLN????@??G_@M|@GbARh@J`@^dATjAz@@p@Vd@HJAPAjALx@^ZAETU~Bh@bAf@Pd@bAADKDTZx@Lb@Jz@KjAZlDnAh@DjAj@bA~@d@RfAXp@Hx@h@B?v@\l@~@b@J????PPr@j@~@\t@^j@HbAp@d@`@\AfAb@`Af@h@XB@??
-36.845255,174.754195,-36.845252,174.754202,1,79,zi{_Fwtri`@A???????????????????
-36.852483,174.763902,-36.855394,174.765775,418,649,~v|_Fkqti`@??CG@a@t@Un@Wn@[@C???A@???????????DA\M@C???A????@A^w@dAi@dAk@^o@BAA@PC@A??B@@???@@@?@?@???@??@@?J?B@@?BBB@@@?@?B?@A????????@A?@?GKRa@h@MNAPF^E??
-36.855805,174.758995,-36.848546,174.773322,2059,566,vk}_Fwrsi`@??@@DBt@BjA?x@I|@KbAKl@m@N{AJyAHyA@wAEuA@oAQaAqAc@uAiBViC\gCK_By@_AaAu@s@y@_AgAs@}@{@}@u@aAu@_Ae@e@s@k@g@Sm@w@}@q@u@w@_@c@y@u@m@m@o@m@q@i@w@}@y@_Ay@gAw@eAw@gAu@gAy@{@?S??k@\y@d@aAB]oAWwA[uAk@c@e@H??
-36.852452,174.763915,-36.853022,174.77352,1616,445,xv|_Foqti`@?@????Fk@n@O^Sl@Qz@UZ_A`@i@f@WTSLK|@c@dAc@`@Qn@[jAg@CeAo@eAy@o@g@cAw@kAo@}@w@u@y@{@u@u@u@o@{@w@u@u@w@_A{@gAp@g@~AOzAYpAKvAIlBKjAq@cAcBy@mA{AyAqA{A{@}@c@e@????
-36.859877,174.753985,-36.844421,174.766916,2328,677,fe~_Fmsri`@A@e@Zw@d@w@Ci@qA[aB]wAY}AW}A_@wA[sAWuAUsAWoACyAL}Ac@a@kAHoAJmAPkAAeAs@wAiBsAcBsAcBmAkBgAcAAE????????k@s@e@y@SqAu@oAq@eA{@w@aAc@cA_@mAa@k@KKG???A??IMi@C{@Ya@Yc@k@iAq@kAg@mAOcA_@iAYyBa@e@?kACgAYmAKkAUmAWmAc@cAk@m@a@[O??
-36.852541,174.774088,-36.848961,174.774336,427,110,jw|_Faqvi`@B@YXg@j@q@He@Au@OsBUmBiAoBi@kBFaAN????
-36.860817,174.769667,-36.860879,174.772658,414,179,bk~_Fmuui`@??HCZDBIPeAJc@d@Wj@Ix@WBeABESo@gBeAqAs@A_C?s@??????
-36.851841,174.770153,-36.853099,174.767207,1833,940,~r|_Fmxui`@??????????????????Kc@s@gAy@_Aq@{@a@c@k@g@}@a@y@L_An@u@v@u@x@k@v@i@j@e@p@Er@BG@HDB?IIp@TfAZtAj@Xf@Pb@H{@Qy@UCB??f@^j@Xj@`@f@b@g@rATt@VXd@Xn@GKs@@iAt@e@Q?LoAdABfAZdAj@z@`@`Af@\nAf@Tr@`Ap@NOUd@a@b@U?B?DE@DE@B@?@E?ADC@AFJ?XCg@EECZe@@i@f@PR_@Io@o@Pi@TN??LHf@Nh@GBC??????????
-36.852402,174.76564,-36.870753,174.782082,3756,1120,nv|_Fg|ti`@@A?@b@Nv@RbAl@dAz@v@a@j@e@Zi@n@GR^@DBADFFXDB@CKWICIFB?DBA@??D@?JGEBBBCFI@G@ECAD?F?CJ?@CFJIr@}@jAWtAInAh@l@`@x@f@r@n@h@x@l@h@p@t@j@t@z@n@t@Qd@e@n@kAt@}AdA}BhAyB`AqBl@Yl@C\Hh@f@f@f@z@t@`A|@jAfAjAdAn@aA^eC^mC^qCZmCTqBR}APuA\cCVsBd@oC`@uC\yC`@uCb@sC^uC^uCZmCXyBLqAd@g@fALbANfATfAJt@k@p@EfAT`AAfAP~@T`ARdABt@}@l@cAp@w@r@w@v@y@YkA{@oAmAgBcAeBr@sA`@e@f@y@p@_A??
-36.853313,174.757706,-36.857517,174.761453,749,241,d||_Fujsi`@??\Lj@c@^yA|@_AlBWt@G@Al@AdBMpAW~@Bx@M|@EfAIr@i@LaBJ}AFuAAyAGc@a@MSK??
-36.849238,174.765908,-36.860141,174.767379,1569,688,vb|_F}}ti`@??@AL?n@Rj@@Z?ZPr@Rf@X`@^`@Rt@Ez@b@|@\|@^b@|@d@`@j@Ql@Yp@MR[AA@?x@Ur@[d@Y^QdAUhAk@bAc@TGVG`AEbABBAXO\A`@b@PTf@f@v@t@n@r@n@t@l@t@n@|@z@p@^_@l@eAx@}AfAwB^w@z@cBt@_B\w@?????A??????????L[?SQOUWCE????
-36.853016,174.763504,-36.848758,174.767101,663,343,jz|_F{nti`@???A?@A???_AYKB????????A?????????UAm@YeAYaAYgA]aAe@e@k@s@m@eAOkAg@qAi@S_@Ls@Rs@Dq@Hs@c@g@aA_@i@k@@G??
-36.843765,174.75128,-36.840358,174.756022,3554,1123,n`{_Fobri`@BB??????????EJc@z@_@v@g@hAc@jA]hAc@~@[rAYpAUrAEtAKpAYlAk@|@gAd@o@v@}@`@}@ZaAX}@Eg@~@Ut@e@z@i@fAi@fAm@nAi@dAc@`Aq@j@eASeAOeAQaAOeAOeAScAIw@Mw@A]TA???JOXA@Ap@Cx@HdANdARdALbAPdARdANdAPt@Qf@iAx@Kf@[j@gAp@gAb@cAl@qAj@eAh@cAp@w@bAYz@w@|@k@r@k@b@}@LwAJyALwAXsAZqAXmAj@qA^iA\}@j@cAj@iAf@iA\sAJuA_@u@m@g@aA_@YaA[q@cA[cAYw@WcAYu@_@{@SiAUgAg@o@Ou@UGeAb@}@VmADI??@@??????
-36.846346,174.766868,-36.847778,174.764692,1855,972,tp{_F}cui`@??KGq@s@TwARqADwAGwAKyAIwAq@o@m@e@SwA\sAh@}@x@]|@e@r@a@z@c@r@m@p@s@l@u@j@s@FE????D??@??@??????????????@??????@??@??@????@??????@@ADKHKJIH[T{@v@q@`@B~@`@bA@p@o@Ze@h@Mh@EZT_@g@\QlANh@BF?A??BLAjAZjAMpBJ|AOrAYvAa@rAYvACdA^Dx@^dAVj@p@Vm@xB`@c@lB[jAWF??
-36.848821,174.765104,-36.857763,174.766034,1143,420,b`|_F{xti`@HQxAS`@TdB^Zd@dAVt@ZVLb@EPDh@Vh@P|@Xh@Fj@_@r@[l@]r@]l@]|@[v@_@`@MTSt@o@jAe@f@Qt@g@`Ai@h@Jp@x@JF????X]b@o@z@gA~@a@pAf@\v@Nl@JJ??
-36.849251,174.773494,-36.848029,174.772895,153,64,xb|_Fimvi`@?AOM_@NcAZcA^{@x@??
-36.853978,174.765315,-36.853626,174.765005,1581,563,j`}_Fgzti`@?@?BIa@c@{@w@v@I?_Ac@}@i@gAUiAYcBDiAB{@Uw@Bo@McA]cAc@g@MUI_A]u@iAy@aAe@Zq@h@?BPI\[l@Oh@p@f@l@r@l@l@DD^At@Q~@YhAPt@p@Hz@b@~@`@`AZn@^p@Bn@Vr@Xt@Xj@Fx@Yf@OZQZMZMTK\E\Wj@]PK??
-36.843534,174.762789,-36.844543,174.761346,215,102,`_{_Fmjti`@@???@?Ez@U~Ab@h@|@Z~@^|@X@B??
-36.844366,174.759723,-36.843849,174.763354,423,326,hd{_Fgwsi`@?EBq@QIGGa@MWGQCe@[Yc@c@u@OW????????CGQc@Bi@Ha@????????DOLaAPgARiAHqAV}@B?J?FD@@??
-36.846041,174.765954,-36.844321,174.767069,226,163,vn{_Fe~ti`@??A?{@]y@i@eA[]_@ME?A??WG{@q@SI??CF???UAA??
-36.846161,174.769469,-36.844342,174.767026,472,273,no{_Fetui`@?ACB@dAJz@Qt@m@HmAa@y@q@kAa@]jASjAW|@o@TC@????H?XP????????????Ej@M`AJj@??
-36.844439,174.766855,-36.84028,174.755986,1179,353,vd{_F{cui`@?DECe@MgA]}@Mq@Ta@n@SvAO|A]xAWzAWxAOh@Kr@KjAKfAa@fA]pAWvASvAYxAWxAWpASrASzA_@rAWzAQrAYxAWvAWxAUvAKt@?X????
-36.853116,174.756711,-36.847405,174.761879,1000,240,~z|_Fmdsi`@BBVUl@q@X{AP{Af@yAUu@wAmAeBgAeBeAeB}@mAcAmAs@qA_@sAYiA[_@]o@UgB`@sB]{@gAaAO}@M??
-36.849695,174.774332,-36.870381,174.805101,4636,1344,pe|_Fqrvi`@????t@?bBFv@kBl@}A\y@LS??????????????Jg@\aATw@Ru@R}@Vs@Vu@Tu@Na@@o@l@m@b@u@r@a@p@c@h@?p@i@x@g@v@_@jAo@z@i@v@]f@]??NIr@_@LGJI@?@AHGLEPMJKRGl@]t@[t@[p@Wv@i@p@e@p@c@r@g@v@g@r@g@j@m@_@mAi@gASyAl@_Bp@{Av@yAn@{Ap@}AfAiBlAsAbAaA~@aAzAk@dB[bBQ|Af@nAd@~Al@~ARjAqBdAwBz@}BEmCu@aCIoC?gCIqCCsC[iCq@gCo@_Ca@qBMiAQu@K{@G}@I{@C_ADgAFU?]?a@Bg@RgBLgBLwC?oBBQNmAn@}B|AiBzAgBjAwBXaCTaBPyBbAqB~Ac@bBlA~@nAb@h@z@b@hADrARrA^rA^fA\HF????????????????
-36.840317,174.756035,-36.847605,174.760722,3670,2998,~jz_Fg`si`@A??????????@?XGRA{@J?GN?????????????KJcATwAVwAVyAXwAXwAPkAJ_@f@FXH[G_@Y????????MQa@[EAp@l@FLp@R@Hq@[CE?????????AA?BG?????????????????????????????????A????????????????????????????AC@??????CF_@D[Fe@Jc@RiAJyAXyAZcAPkARqAXwAMmAiAEmACeACK@RDr@@lADjA@|@d@HC??????Hm@RcARo@P{@TuARqAVw@R}@@W???????CXk@t@JhAf@r@PHA`@Rd@y@ZuA^Yt@Dh@Ph@?t@P~@?v@RbARh@Jr@NR[z@Pd@@hAf@fA`@r@RX\B@^L`@Fn@Rp@Nt@Zj@RfAT|@j@z@`@p@Xv@HVXR|@Tr@AF????B@????????@???????????????????????????@?Rg@U^Ex@a@I^o@LD??????????B@G@UaA]{@{@[aAa@aA][O@COD_@MeA[_AWaA[o@Cc@TQ^MXSt@WlAG^CB????A??@????EPi@LA@Ij@Qx@Sf@Kd@Sx@Kh@ERBF???A?A??A??A@DKn@_@Pg@LIj@???????B?????@????@??AA????????@???????????????@??????A????????@??????????????????????A?LU???AB?A???????j@RM`AKh@??
-36.84993,174.763803,-36.850903,174.757002,818,263,`g|_Fwpti`@?I@@F?BEr@Nl@n@l@FdANfAf@VNWjBg@dAWv@X|@Tn@l@`Ap@p@^fAa@jAADKz@UpAIhA_AhCe@vCc@lB??
-36.84384,174.757437,-36.842998,174.766433,1213,360,~`{_F_isi`@D@n@PfA^bAPZ_@RgAd@qAEuAo@w@iA_@gA]cAc@s@aAs@cAg@iAt@w@g@kAQiA\qARyARoALyALsA_A_@gA]cA_@e@m@@K@CNgAXuAXwATkA?cAPw@????
-36.841431,174.755785,-36.843358,174.762118,1025,363,|qz_Fu~ri`@?@??CAcAWw@WWYD{@PsA`@oANoALqAVcAm@}@PwAVeANiATwATiAXsATkAPoAn@k@^sATwAXoAt@T`AVF^WfAA`AEz@??????PBr@DH_@??
-36.855863,174.76571,-36.848774,174.77336,1112,327,bl}_Fu|ti`@?A????EAmAQm@V{@a@_@}ABwBQ{Ay@q@}@}@q@u@w@u@s@u@}@w@{@m@}@y@}@iA}@eAs@iAw@cAw@}@y@cAs@iAk@o@o@cAm@o@w@gAeAg@q@HEAA???
-36.857643,174.764454,-36.867376,174.770022,1522,401,fw}_Fytti`@@?D@j@r@r@r@n@Z`@k@n@}@t@}AfAyBfAwBdAcBd@k@DEd@w@XyBXsARuA\o@xARvBd@fB\pBb@`@c@PiA\cAVyAfBNxB\`BRx@@VwAJ_BH_A?A??RB~@LfAFfARdAP@@??
-36.844072,174.766463,-36.856033,174.75864,1687,431,lb{_Fkaui`@dAgBR\bAj@dAZ|@X|@p@fAL~@VdAZnBMd@?~B^Kz@~@`@|@Hn@_@r@Bj@l@zAFf@t@fA\~@Zl@n@|@X`AT`ARz@t@v@|@p@bAZl@d@Xj@bAf@n@l@t@n@v@z@dAt@lAz@fA|@nA~@lAz@lAx@fAe@d@??
-36.852446,174.768867,-36.850294,174.764899,507,159,xv|_Fmpui`@?@SZu@`Aa@h@QLLfA^fAIxA[rAu@fAu@`As@v@El@S|@]t@k@Uu@I??
-36.851067,174.761338,-36.854367,174.759223,414,126,dn|_Fkati`@?@PR~@^z@h@ZT~@t@vAt@zAt@rAv@vAx@bA^DA??
-36.852004,174.763927,-36.867464,174.77801,2774,795,~s|_Fqqti`@@@t@V~@^v@\l@b@lANbANZXD@FCl@[z@Xl@Vx@`@t@Jl@Vv@b@fAz@l@ZD?|@P~@l@bAd@t@VViBLkB`@}A`@oB@O??@Gl@_Ah@eAt@}AhAwBdAuBhAyBb@iAAE?A??????????????Pc@b@mAReBT_BN}AP{ARmAPgAd@m@fA@fAq@vAWlBi@hBe@dBs@^iCXuBXwC^_C`@kC^yCVgCVeB\{AJwAXkAfABp@RdAP~@\`AWz@a@BO??
-36.844389,174.766927,-36.844456,174.766245,89,69,ld{_Fidui`@??@VT|@Qx@?PDY@???
-36.846173,174.766269,-36.849052,174.776657,1239,344,po{_Fe`ui`@??QC?e@DqAPeBNwALkAVuAYsA?iBy@{@_Ao@Mm@??A?_@w@EuANoAj@wAn@}Al@gA`@Y??@Av@s@zAuAzAiAdBaA~Ak@hBW^gBV_CuAaBBaAHK??
-36.851419,174.764057,-36.857479,174.761781,786,359,jp|_Fkrti`@@?B?b@Hx@Jb@Rr@R~@^f@Cp@Bp@Ax@Vp@`@J?p@H\Jj@\d@Rv@Rp@\l@Ft@Lx@Rh@K?F\Lz@fAz@Pt@Tt@P\PAB@A????k@KKE??
-36.85348,174.764549,-36.858699,174.755,1181,361,f}|_Fmuti`@@?R|@f@|ATfAn@tANt@Y|ASt@A|@n@bA~@lAx@lAp@~@~@xAbAlAhAjAzA?z@GdAI|@IF?????@???d@r@ItA?zARfAX|A\xA\pA^pARtAXdAJT??
-36.850282,174.764909,-36.861144,174.752101,1880,734,fi|_Fuwti`@@A????DJbA`@\P??A???????????A?l@p@z@d@r@Z|@V`A`@|@~@r@r@r@~@^dAp@z@Z^??????TZd@t@n@`Av@hA`ApAt@nAfAtAbAlAnA`A|AK`AGdAK~@GB???????????A??DT`AAr@EzARvA^rAXjAZxA`@nAPtALh@Jd@RpAZrAZrAb@x@n@x@r@~@PL\n@t@`Ar@dAv@dAt@J`@iA?Y????
-36.857334,174.76663,-36.851846,174.76419,691,287,hu}_Fmbui`@????QMiAIGH]f@_@l@a@l@W?????????EFe@Jm@u@_ATaAd@o@Zy@d@{@d@k@Tm@\_A^cAVgAt@mAj@{@Zo@DI???
-36.85447,174.76316,-36.85784,174.766027,1022,367,lc}_Fwlti`@?@?????@]ASaAUiAScANi@?a@Uq@[e@@MAWWuAEeBVcANeATcAAoAPkA`@Zn@^r@t@z@Xr@h@h@d@h@p@n@r@n@p@p@c@`AaBdBTjAfBPv@CIPY
-36.845217,174.770765,-36.857073,174.765309,1733,1040,ri{_Fi|ui`@A????????@?????????????????????????@????????JN^Z??????ZLRp@RZh@n@^fBTxAN~A?bAK~@e@bBLv@x@Lh@E`AFpA@h@P|@V~@Nn@Rh@JVB`@DPCDH?@J@h@JVZj@LPB\B\Db@B^Hd@Xr@z@VFv@TnAZdA\NJ^v@LfAp@]p@_@r@]ZW??AA??????ZMnAq@p@]`@YpAm@RE??LCh@KZU`@PXLjADp@NHF@ATJx@f@p@XHB??JCd@E@A??????
-36.85103,174.761399,-36.853122,174.760196,724,421,|m|_Fwati`@??f@L`Ah@f@l@`AA~@r@bB`AbB~@zAbApAp@p@d@\p@@^A????????????????@HAi@}@_@@AI??@A??@A@C?A??????CGe@_@{A}@}@_Au@a@A?????
-36.839532,174.755472,-36.843121,174.766437,1083,341,`fz_Fu|ri`@NEv@a@x@o@\mARmAVuAVsAPoAToAPcAHs@XsARaAPiALy@NuARkAf@cAPoAPmA\sAf@kATgAAuAHs@??????Lu@ViAZuAPsAVmAFeANM??
-36.849319,174.765289,-36.852473,174.763902,397,225,fc|_Fazti`@??DXjARp@Hz@X|@Ph@P@J??????`@b@z@h@r@`@n@X|@Pl@VBA??DKRW?D??
-36.855889,174.765713,-36.848284,174.763108,1025,629,hl}_Fu|ti`@?A????GCg@Og@NECEKCYWDq@PWJA?i@Xc@Z{@h@a@Re@TeATm@Zi@f@cA^aA`@a@JOTA?GCYEc@A_@Mi@We@YUGA?????????????c@TY\Of@Yr@e@R}@OeAYmAs@u@Wc@@??UIOJCDAFEPU|@Qp@Kv@GVEL??????
-36.844493,174.76684,-36.842706,174.763906,576,324,`e{_Fwcui`@BDCAa@Iy@QeAC_A\Ar@Mj@Ij@KX????KdAMrAK~@c@bA]vASlAUr@@HVDXH?????A??WA[E???CFw@Va@TG??
-36.845536,174.761484,-36.84505,174.756974,445,143,rk{_Fgbti`@AAFJPzANxALtAN~AF|@EtAUn@?nAs@h@s@n@[nAOpA??
-36.843078,174.767268,-36.849349,174.750094,2298,707,f|z_Fmfui`@????JF@dAEzAYtA[zAYzAWpAUtAAp@??f@PbA\fA^bAb@UrAQvAUzAEj@|@X|@X`A\t@j@QhAUpAIhAWvASvA|@f@fA\dA`@VnAKdA]pAYrAS\???????????^JjA[xAWzAWvASrAt@d@\p@hAZl@Vl@KTt@b@bA`An@hAAjA@hAEfACn@X?fAf@@zAbAhA|Az@nAx@lAv@dA{@xAo@b@AD??
-36.853307,174.763592,-36.858029,174.763524,1345,410,d||_Fmoti`@??YOu@WiA]mA]aA]}@K}@_@sA@OE_@IbA?pAh@~@Z`ABdATbA\z@VbA^~@V`A`@l@Vp@`@t@Pt@\|@Pp@Zn@d@j@f@r@SdAb@~@Lp@V`ALp@VNk@DqAT_Bb@uBQS??
-36.851949,174.770559,-36.845191,174.770718,989,338,ts|_F_{ui`@???@MAa@c@MWa@c@m@eAq@qAkAiAi@s@e@g@w@_Au@cA{@u@aAYoANcAb@aAr@u@v@u@bAaAp@eAh@q@X{@j@g@NGE????A???MZUpASrAo@n@m@o@??
-36.857605,174.76609,-36.871195,174.771976,2445,729,`w}_Fa_ui`@?????@UUkAuAcAGWx@g@j@Ud@h@n@l@p@p@r@r@z@r@t@l@t@j@`Ax@p@d@Mr@uAjAyBhAyB`AmB`AsBXu@????????LW\aAVwARwANyAJyAJmA^sAHk@j@_@bA_@dA_@fBWjBg@|A_@xAc@B?????v@`@tBd@~ATjA\\@????f@FXuANgAPwAP{AXe@l@Cr@Lp@TjAVhB^lAZlBd@tBh@hALr@cA~@o@z@LT?@???
-36.851569,174.770505,-36.846143,174.774448,1159,272,hq|_Fuzui`@?@??HGd@Ke@u@u@aAk@u@u@eA}@cA_@_An@{@v@}@`Ac@jACdA[]u@_BQwB_@aBoAiBSoBc@wBTiBl@eB~@mALmAe@}@o@y@W??
-36.853688,174.768221,-36.864258,174.762625,1454,555,p~|_Fklui`@??DB?????A^Ql@Lz@p@t@t@v@r@r@t@n@t@r@r@j@r@l@x@\\p@x@n@p@p@l@h@n@f@h@n@n@^r@l@t@B@????@@p@b@FDr@VZDRZn@X~@d@t@^|@d@dAh@~Av@p@VND~@h@b@P??`@J|@RbATtANbAb@xA@~@mAZqB?QBKBm@??
-36.844481,174.766535,-36.845906,174.771475,675,418,~d{_F{aui`@JUr@C^i@N{A\o@bAPhANb@V?F????????????????@CNoAPkADoAKsADaB]kAiAo@SEKm@??????@????A@C@?B?@???AMJiBJmANc@NG??
-36.844658,174.761351,-36.852307,174.757839,916,377,bf{_Fmati`@???P\Dz@Vf@X?B????????@@???@ZDx@Pf@Lp@Xx@Xr@Vv@Tv@Tl@X@???B?vAVrBp@lBl@hBp@nBr@xAf@pA^BBx@p@bAZzAj@TN????
-36.856675,174.759147,-36.852636,174.765088,834,251,fq}_Fussi`@??@A?@??????BP}@TeAIs@}@_AuAaAoAw@sAyA}AwAwBoAcBgAuAq@gAu@cAw@aAs@q@BcA?oAl@o@h@u@D???
-36.849919,174.764832,-36.855712,174.765331,738,242,~f|_Fewti`@NC^Lp@`@`@B?ABIZq@bAo@h@s@f@i@j@i@h@@t@C|Ab@|Ar@fAnA~@Bv@@jAdA|Aw@x@e@r@I`@_@HG??
-36.843487,174.766975,-36.854272,174.763145,1290,425,x~z_Fsdui`@A@@???IJNA~@W|@Jz@Nb@RXVfChA??dAHjAAv@P`AX~Bj@??d@?xB`@t@d@bAh@`BE`@b@dBPVt@`AZ|@b@f@\x@Nx@Vz@Vz@T~@@bAV|@J|@Z~@Zh@L??XLd@P??????
-36.843573,174.751072,-36.851258,174.758976,1396,628,h_{_Feari`@????DE?@@???PT`Af@t@\j@mAx@gAd@iAXyARqAF]?????A??????????B]h@[bAShA?lA?lA@jAGp@[?yA?{ADwA?{ADyAViAj@o@????j@?Nt@t@Kv@Or@MbASzAK~Ak@n@w@b@{BZ_BNy@Nu@?E????????????????DORqA??
-36.842686,174.763926,-36.843709,174.769269,1021,532,xyz_Fqqti`@??GIIH]YCK?A????CQ?iAOy@McAOaAOaAUaAEW@}@h@ErJoA`AJ`@AJ[T}@T{@c@a@k@[k@[OMFGNIRRAEGCAAA@FARw@Pe@d@\Xw@??????@??AMSECYQASi@a@m@JgA?OR????
-36.844307,174.766733,-36.85396,174.766968,1726,623,|c{_Facui`@AH?@Q]\}B\wARsAVqA\eA~@Nj@gAZ_AJ}@?ALYJwAJiAVkAp@o@`A_@|@[t@WRC????FEt@i@h@[h@o@f@_@p@{@lAg@~@Iz@Fn@t@j@t@d@l@?@???@??P\Rd@l@f@n@x@j@v@r@z@l@z@p@z@n@v@r@r@p@x@n@n@v@l@x@r@p@v@p@t@VZ??HN`@n@@n@I|AIl@????
-36.85398,174.76632,-36.849094,174.764897,1977,897,j`}_Fo`ui`@DF??OR?Z??CBDBTn@WxAc@\e@^W|@SRo@X}@DYp@eAPo@Si@U_AIy@a@UIGHs@N]FKg@}BsAKRo@Qy@Yc@GA?A?}@EoAa@{@s@o@EeA_@e@?YZu@e@kAm@}@a@w@Uw@E[AIc@I}@GAQH??IFPhBg@aA_@La@GC@I@IGBCBI[BO@C@CAI?BAHA??@???????H@dAXpBNbATXPtAf@tAPx@ZrA@Pl@lALl@Xz@V|AKGHEb@Nj@AA??
-36.853219,174.75664,-36.846248,174.749542,1229,386,r{|_F_dsi`@???A??c@Z_Ap@{@p@eAx@oA|@u@^IZgAlAkBl@o@W??a@NoADCtAQr@i@x@aBV}Al@Qf@???????????@QvBDhCLvCF`CBhBORkBQeAKqA?}ACo@p@?@??
-36.851229,174.766049,-36.854086,174.767696,415,180,do|_Fy~ti`@??DDZBb@SP@t@BZo@^i@h@q@j@i@j@e@j@g@l@e@n@g@f@e@p@UTTIh@?F??
-36.846171,174.773068,-36.848128,174.831879,6627,1178,po{_Fujvi`@??MIiAYcAYy@BGU??????MEYS???????CZmAn@cBbAaBdAyBl@mC`@aCb@oCb@mC`@aCd@mCd@qCd@oC^}BNqCMoCEcCBuC?yCCoCFwCDwCRcCLuCAsCJwBb@_Dn@iCv@sBlAmBxAaBnA}AxAeBpA{AxAeBvAiBjAsB~@oBz@cCt@gCd@qCXaCRsCDwCAgCMuCYqCc@{Bc@qC{@iCYcC[sCe@oCc@}ByAgBw@wBg@mBPqCVqB\gCTuC^oC|@oB\gCg@iCk@oB_A}BmAqBoAyAcByAmBeAgBn@kBbAkB`A}A`AwBZwBPiBOo@}BVsCReCNqCJuCDeCGuCi@mCg@_CqAiBiAmBTaCl@kCf@iCl@{Bv@aCjAoB|Ai@`Bi@fA_@r@s@^wAXyAVoAXyAVuA@sAAc@????
-36.85425,174.763107,-36.851118,174.760115,507,220,`b}_Fmlti`@?@??I@m@`@CtAc@nAg@Vm@f@cAl@_AJ}@Hs@LUb@c@x@WxAQ~@????????[f@aAa@CE??
-36.853007,174.76354,-36.84745,174.760369,938,385,hz|_Fcoti`@????E@eAOiA_@iAUgAIm@Om@?CGc@i@????????UMk@GkBaCQbAk@Lu@jAeAYw@Dc@|@OhAg@|@Gb@KXW^MpAQpACd@??????Il@]lAWjAUlAIR??
-36.850194,174.76578,-36.852481,174.75954,1390,754,th|_Fc}ti`@@??AB@??ICi@QYMk@Qm@TWbA_@j@@@h@N??????i@O??KRIPWnAMp@AHKh@SbAMt@?@??????????????????????ERM|@a@lAIh@Dv@QjA_@rA]xAU|AMnA?B??????????Px@|Ad@rBn@lAZXLvAh@xAf@zAf@zA`@f@NADGPAA??H[TgALcAH[\yAt@OlAj@NL????
-36.845909,174.761106,-36.8414,174.756909,891,301,|m{_F}_ti`@NAA@CL????AB_@ZSbATjBLbBNnAOv@BZM`@m@|@iAd@y@^_AUgA_@gA]cAa@_@pAY~AeAQcAYaAWq@Ue@f@k@bBc@lA??
-36.846837,174.766019,-36.849467,174.762936,523,189,vs{_Fs~ti`@A@D?t@X`APjAZ~@HL`@c@hAOjA[bAM`A\b@n@Tr@Th@Xz@n@v@`@TN^H??
-36.844269,174.766512,-36.857421,174.764418,1588,532,tc{_Fuaui`@????`@@p@Xt@Tt@@z@Vv@T`A@lALhARbAHbATfAPdANfA`@~@b@v@Br@b@D???NLf@NVRt@AdAVp@R~@Lx@Xx@`@t@Zt@Up@c@p@Yb@Wr@SXe@PA~@H|@a@n@i@x@q@t@s@hA]lAH|AVp@Zn@Xp@j@l@x@d@v@d@\?B??
-36.843732,174.752913,-36.839122,174.743881,2373,1476,h`{_Fulri`@?@???????@?????????????A@????????????????????????????A??????????B?JD?AA?????NBLH????TJVr@S`AB`@M\If@k@LCT^KMd@_@p@Yl@Sn@[j@Wi@Ny@Hf@[l@Sx@Yt@MLN^Kf@UTOl@On@Mr@Mp@Un@Gx@Cr@Ev@El@LML{@H}@Ly@Ly@Jy@Jw@Nw@Nm@QROr@Op@U~@Oz@Mv@I|@C|@Gn@Gj@Ud@?B??A@OVW\[\_@Za@T[Le@Xe@DSNa@T[Pa@C]JUh@Yj@Sf@Q`@Ub@Eb@X]d@q@Z_A\o@K\a@x@c@x@_@z@_@v@Cj@Q`@Q\Q\UXOHb@Yh@eAJw@ZeAf@{@`@aAb@{@Gg@[r@a@v@]LSb@Qb@UBSb@Q^EF???????????????????????????@???????????????????????????????A?@????????????????????????????????????????????????????????????
-36.849662,174.771671,-36.85264,174.769743,402,171,je|_F}avi`@??\Uz@S~@Jt@l@XRPV`@\d@r@f@n@V\FLv@Lp@d@b@l@j@j@LH??
-36.850635,174.764665,-36.849593,174.765168,125,56,lk|_Fevti`@@?q@YmAk@y@OWM??
-36.855557,174.759334,-36.877766,174.736475,3999,840,fj}_Fytsi`@????????@@f@r@fAPvAIx@IbAK`AIZy@LsADu@HqA@yA\o@fAZbA\fAb@lAf@~@^~@ZpAx@`@hCNvCb@pC|@dCx@|Bt@fB~AxAbAdBr@`CvAfAx@fB|@xAfAnBbAbBfAfBxAjBxAhB|AjBxAjBvAfBrAnBnAtBz@rB|@`Cl@nC`@vCh@nAbAE^Dd@jBh@hC`@lBd@zBb@rBl@fApA@pA@pA@rA@|@?@KTAz@zBVlCPzCLxCTnCTdCl@hA|A\~@RpBj@rBd@rBb@rBb@dAJ\SRyAD_A?Q????
-36.856902,174.766075,-36.847122,174.766516,1221,328,rr}_F__ui`@??_@Yw@C]f@m@r@kAA_BAaBp@eBfAyAt@gAd@qBt@uAp@iAd@eAQgA_@gA]y@q@}@m@iAYeAi@aAKaAUgAWkA]_C_@e@?w@o@CeAAUA@B???
-36.849964,174.76568,-36.848758,174.764705,207,251,fg|_Fo|ti`@@?KEa@M]YYC???A??MHOx@S^??????A???????SJa@RGXKd@Kb@AL????
-36.850909,174.765377,-36.856,174.765668,712,201,dm|_Fszti`@DBNHVUl@s@l@i@z@EtAH~A^vA~@x@pAl@Qx@e@R~@p@nArAs@bBo@~@_@t@Wn@e@_@_@??
-36.843749,174.76276,-36.845216,174.768256,532,175,l`{_Fgjti`@??@CNgA?w@Em@VgAFuAJkANu@BWZqAZ{ANoAp@Yd@kALkAZaBPiAAE??
-36.845725,174.768696,-36.847721,174.765744,458,157,xl{_Fkoui`@??@?r@\ZRFdAY|ACtAIhAYbA~@j@f@d@j@XbA^t@FpAO??TP??
-36.845657,174.768478,-36.85419,174.765068,1144,484,jl{_F_nui`@?@ELQfAJ|A^t@bAv@hA?lAXlAZx@Tt@Pz@NdAN~@Nt@Z\[Na@L[DK????D?l@L^Nb@Rj@Nv@VhAVfA^XP????????`@Gx@Kl@HlAHtAn@bAv@h@|@\L????DNl@Pj@W^_@??
-36.842745,174.756939,-36.841303,174.758092,211,66,dzz_F{esi`@?A??o@OwAs@qAa@w@UOgB??
-36.850524,174.760502,-36.852812,174.759115,289,156,vj|_Fc|si`@?A??@?^Rv@HnAb@d@v@?@??????PJnAn@zAv@z@f@?A??
-36.855287,174.759918,-36.853368,174.765292,571,157,ph}_Foxsi`@????a@s@gAoAuAiBqAoBh@wBN{BA{AM_Ac@oAm@qBi@gA[y@??
-36.845081,174.76892,-36.847705,174.765659,601,265,vh{_Fwpui`@????^LHj@i@jCMd@GJe@dAg@z@d@hAdCdAHHfCA????n@l@\Xf@D^Tf@?ZAD?^H^SR`@??
-36.851875,174.770157,-36.852768,174.774372,655,186,fs|_Foxui`@A?@Gf@aA`AMzAI|BO|Ae@_AwB{AgBg@cCmAwBe@k@W]ES???ATM|@qAPU??
-36.849261,174.773563,-36.856865,174.763426,1314,736,zb|_Fwmvi`@@@????????????A??@?@@?????FJPLNJ`@`@d@n@j@j@RR????B@???@HLNXZ\\d@^n@h@r@j@~@p@z@p@p@r@x@r@v@l@v@n@|@h@|@t@v@p@t@x@l@Zh@`@f@\Tf@^`@d@`@b@^TPRPRZTNZXX^`@@B`@b@f@b@h@r@d@h@d@h@p@j@j@p@j@n@EbAMpAWbAWl@???@?????????A????
-36.848571,174.769667,-36.850382,174.768777,218,247,p~{_Fmuui`@??????????????@@j@X|@\z@ZbA^j@P@@????????`@N\JNJ????????
-36.858357,174.7611,-36.846953,174.763141,1502,368,v{}_F{_ti`@AAm@KQCc@\?bBIvAMzAInAcAZmAJmALmAHeA@sBPqAGgBmAgBaAmBiAoBkAgBeAiBkAeAi@gAc@eA_@}@_@s@Uu@WmAc@eAc@mA]o@UAAm@QiA_@}AWaA[??
-36.847939,174.772798,-36.848941,174.764832,1141,420,rz{_F_ivi`@ABABC@m@h@{@r@QP???@KDeAd@aAb@aAh@_Af@YbAEnAA~Af@@l@x@PpALhAUfBg@dBPvAO~@Xf@v@d@RX_@d@Xz@`AXz@\`B^??~B^f@r@x@Z\P???@VTEx@GK??
-36.844401,174.766925,-36.845213,174.75794,1188,342,nd{_Fidui`@??A?s@GaAc@gAGg@f@a@tAMxAWvAUtAWvAWrAEXOnAAdAx@`@dA\D`AWtAUtAMtAbA^CjA[tAXlAp@`An@dAf@hAdAXdAZdAZ`ATPv@E`AAN??
-36.843749,174.754453,-36.843244,174.767142,1423,458,l`{_Fivri`@@M{@i@gA_@gA]aAa@o@q@gA[ICa@Kw@WcA[_A[@aAVwA^oAPoATcATsAGcAQqARwAReAPmAVqAVuATmAVqAPyATyAj@u@PiAJcA@w@???????CRkAVyAVyAXuARqAXyAPkA?EA???
-36.856856,174.76204,-36.859092,174.734547,2803,851,jr}_Fweti`@?@??XHv@V|@Vd@b@Fx@????@?@PBvAGxAMjA?HG|AIZ???????A??A???ABGdAOnAH|AXdB^zA`@~APxARrAZnAVbAVhAXtAXtAj@`Ab@t@ZbAEtAk@rAk@pAQ^Sd@CB??c@l@_@nAi@lAk@lAc@bAe@fAi@fABjA`Ap@hA?Zr@LbBF|AHvAFhBHdBFnCHpBH~BFbCFzBJvCNnAXGDj@@\`@z@RpBf@bBn@nDHdAu@xAiBz@Y`AN`@TlAHjBJrCCjBCF??
-36.848295,174.762717,-36.843681,174.7691,1725,572,z|{_F_jti`@A???BAZk@Ny@g@[{@Y{@c@mAo@u@_@aAe@eAa@}@_@u@_@w@g@qA_@sAYUc@PuAVgAY{@w@e@w@w@kAEk@I~@BXr@|@X?WCAYJf@Ln@UPu@BWABOf@M`AMBGF[AgAk@U{AH{AXuAXsARqARiATsAVqARiADy@_ACo@HSxASlAWrASvA??
-36.85129,174.758947,-36.853157,174.759123,297,222,po|_Fmrsi`@A?B?RmA`@uA?GDSFY??????????h@T`Bv@~Ar@bAn@?B?????@????????
-36.848262,174.76355,-36.853368,174.756897,1169,493,r|{_Feoti`@?YFC@?ORHLXH[MLZ\D?CM^Ip@KdAKfAWrA?H??????A?WjA[vAW`BKl@???????@Z~@xAj@pBn@nAZ@D??D@PJnBn@bBl@jBb@\N??D@??@@|Af@~Ah@fBh@jBv@vA\WpAWX??
-36.854606,174.765542,-36.868056,174.776272,2335,659,hd}_Fs{ti`@A@TIx@Or@CvAOrA\p@\r@^x@n@v@r@f@r@b@t@d@z@x@z@r@Np@_Az@uAfA{BdA{B`AmBx@iBLY^{@NcATsARyAJ{AHwATkADO?????????AL_@V}@f@]d@U|@[nAYjBc@~Aa@pBi@lAF`AZlAV~@HbATx@RRq@VwAPoANwAL}AR}ANyATqAV{AP{ANqAx@SbAT~@CRyABsAFK??
-36.852987,174.769481,-36.857342,174.766677,621,268,dz|_Fgtui`@?@BBf@l@\h@X\p@n@v@j@l@j@??@Bh@`@b@h@\Vr@p@\`@??@@b@n@j@p@p@n@b@j@f@d@REl@w@j@{@~@Wj@Z??
-36.850408,174.765451,-36.854593,174.765607,544,254,`j|_Fa{ti`@AA????FBXD\Jp@Hn@iAf@q@b@]@?????FF|@^pAHrA^dAj@h@t@b@h@f@M\Yf@Gd@Qf@YXe@??
-36.846362,174.77073,-36.852892,174.763508,1132,387,vp{_Fa|ui`@@??@Tl@Zx@T~@`@hAD|A`@z@CvAHGxAbAVrABnAHxAb@Rn@XfAf@v@`@v@N@?????JBEz@`@vA??t@h@pAJMjBr@Bx@?dBZ|@h@x@PdAV`AX`AVx@Z??
-36.841423,174.754591,-36.844997,174.755374,483,171,zqz_Fewri`@??FQPaAZy@TOd@Sf@`@bAXlAZjALjAZ|@Qx@N^iAp@o@z@P@A??
-36.85178,174.768183,-36.84972,174.766805,346,140,rr|_Fclui`@???@I`@_ATY|@JtAZ`@i@P{@DgARcAFaAIc@KGB??
-36.852169,174.764547,-36.849242,174.765366,422,380,`u|_Fmuti`@????AA@??AAY[a@m@[_A]_@KGBCr@Kb@MJ??E@[Ji@XWEm@cAo@Y]Cw@Mm@USYSBG@C???????????????A?BI?C??
-36.857782,174.758763,-36.863798,174.76131,875,731,bx}_Fgqsi`@?BDi@v@GjAQnAg@fAk@\qBLuAjAa@pAl@t@Ob@aBd@eBXcA@M@?|@`@nAl@????@A??A@@????A?????????A???????????A????????@???????????????????LBlA`@|@\FD??????????????????????FBl@e@dBDjAHLE????
-36.846042,174.772024,-36.854651,174.766161,1447,498,vn{_Fcdvi`@?A????Vc@SQa@vBz@En@c@l@]r@[l@g@v@k@j@u@l@q@r@i@z@a@t@Uz@A|@Rv@f@h@p@l@v@p@n@\h@h@v@j@n@f@r@h@r@l@|@h@v@v@z@TdAr@v@v@t@f@n@b@t@n@r@r@v@~@p@t@p@l@r@l@h@R~@?jAGhB@T?@??????
-36.847038,174.764185,-36.842741,174.757105,1380,440,~t{_Festi`@@A[S{@MuAS_@Tq@~AeA@mAWk@b@YtAYB??@???BV^rAj@pAr@hAf@x@^dAaABi@HSAe@?U|@UbA_@tAKjAYhADdAdAd@dAb@z@f@HnAUfA[rAUhAs@U_AGeABkAU_ASeAK]|@EB??
-36.856989,174.765314,-36.84858,174.76237,1287,453,ds}_Fezti`@@@g@[s@u@q@u@]VEH??_@VwAKcBB{Av@qBfAkAp@iBp@cAf@gAj@}@Bo@OgAY}@e@I?s@Ao@a@gA]{@QiAc@eA]IA\Bw@J]hAUdAQbAQbAIl@????????????AHWfAUjALdAf@P??
-36.846726,174.77259,-36.867287,174.789348,3083,692,`s{_Fugvi`@??JGrA{AfA_CfBwApBw@nBQtBMrBL~@_BF_@BE\mAZiAVgAX}@Xy@Ps@X}@V{@Xw@R{@t@e@r@_@|@c@x@a@x@c@|@k@`Ac@`Ai@`Ag@|@c@x@i@|@a@x@g@~@a@r@k@x@[t@a@t@e@v@i@t@c@n@i@v@e@r@m@n@u@[qAe@sAQsAt@kBjA_ChAeCfAyBvAoB~AeBfBuAvBk@xBWrBd@lBv@nB`AzAuAhAsBbAwB`BVdBZrB]|@QB???
-36.848235,174.763526,-36.850113,174.768881,799,409,n|{_Faoti`@?@??HD????????Tc@TuAVoALu@J{@NU@C@ADSRiAPy@DSP}@Ts@HEAA???A??RSAQ_@e@UeAWoAYiASgAUiAUcAW_Ar@N|@Z`AXfA`@|@ZJF??
-36.856006,174.758484,-36.865758,174.750598,1818,726,`m}_Foosi`@????SIQIAC???@?UDk@C@????f@MfAJr@Kt@A~@Ax@QH?????HA\f@Jn@Kj@Cz@H`AThALx@X|@TrAZtARtAXbAV~@PpATfAXpAn@v@p@z@\d@@A??????????????A???@?RVt@`An@|@p@fAr@`At@`Ar@`At@~@r@{@xAaBpAfAvApB`Be@hAgBvAaBbAmAGP^~@nAhBnArADB??
-36.848325,174.761312,-36.84447,174.766873,791,279,`}{_Feati`@AC?AOICE_Am@aAc@cA_@}@Ym@]UK????q@WgAa@k@}@WGkAOeAQcAk@Oy@U{AE{AJ_BEc@UsALwAVqANaAKG??
-36.851346,174.760212,-36.844816,174.763289,785,232,|o|_Fizsi`@?????Au@I_Au@kA_@y@[YOw@a@w@k@kAWgAc@eADkAKgAa@_A]gAk@{@m@aAe@kAa@aAc@aAa@kAc@C@??
-36.842425,174.763844,-36.856385,174.762016,1902,701,dxz_F_qti`@A???????@IEw@\kATuAXuAXqAPoAV{Ab@e@\U~@JbA\|@D`@M????ZRz@b@nAj@fAJj@Zp@W\F`AVv@Z`A\rAR|A@^v@`A\j@l@j@NfAHjAEv@TG^ZFHEMC?@LFnA\|Bb@zAVt@^v@h@v@\z@Vz@JhADZBd@nABD??????BBl@RRBz@Pz@\z@Rn@Pj@Rp@Tp@Tf@PAE??
-36.844472,174.766891,-36.84377,174.757189,1459,432,|d{_Fadui`@????a@QmADaA?iACSrAYzAWvAYxAUvAUpAClAr@TfAZdA\d@t@QxASzAWvAv@`@z@VdA\z@\F|@a@jAMt@CJGtAWvAC~@`A^bA^`AXNjAQbA[xAWhAW^y@WeAW{@_@Mf@??
-36.850827,174.768575,-36.847772,174.765517,830,390,tl|_Fsnui`@??KA]Ka@Mg@So@Su@Wy@Yg@Wi@Ok@So@YAf@T~@Lx@T|@Pz@Np@BRTt@RbA^n@P~@Ox@Mj@On@?`@GPERKD]\}@Bm@Fo@Ok@E[EUCBI??
-36.857699,174.75871,-36.844472,174.766903,1825,700,rw}_F}psi`@?B???A@EBe@??A?aA@cALkAJkAFeAJsATKAu@m@u@_@kAq@iBcAcAe@eB}@iBoAmAoAOGe@c@c@s@Mc@e@[y@e@_@cAYKk@Y{@SIE@A????????c@OaA_@o@m@cA[}@OaAc@WK??A?QAWK_@A_A_@y@YcAk@aAi@cAk@eAo@y@Mu@W_Ak@yA[{@Y]LA??@??GCQy@L_ANoA@m@H{@AE??
-36.851375,174.760125,-36.858079,174.763945,1052,350,`p|_Fyysi`@@@????B@X?^s@`Aq@t@oAlA_@hBYvA}@jAyAd@wBV]l@Xp@Nz@Bv@Ax@Tt@\v@Rr@Hj@Pr@Lp@^t@Nj@JNe@JqAVuAn@yBT[?ACq@m@c@??
-36.844463,174.766899,-36.866872,174.740369,3886,1100,zd{_Fcdui`@??@?B?Lp@Qp@O^Sh@Y~@?DDF^`At@d@z@Z|@R|@Tl@Tr@\t@Vr@\XNTF|@P`A\`AZz@TZH????B?b@L|@V|@VfAXdAXz@VHBx@TbAZn@dAf@tA\`A^x@t@|@FF@???????????DDtAbAfB`AhBz@vAv@xAv@tAr@z@j@???????@@???LNpAxApAdB`AhAtA`B~@dBb@~A`@bCb@nC^vBZlCn@bCf@vBp@`C^~@p@Lb@cAf@cAd@eA`@}@j@_@v@bAl@x@x@bAv@bAf@t@n@x@bApAjA|AdAvAlA~AlAbBr@|@X`@hA~AdArAZf@x@tBl@xBh@nBb@`Cn@dCd@pBn@hCj@`Cl@zB^h@t@lA?T??????
-36.851515,174.764027,-36.846572,174.766594,634,218,~p|_Ferti`@??????m@]w@o@w@a@i@YeA_@a@[oBe@WO??g@GiAYiAWmAUkA[kAKiAO_AU?{@Fc@AE??
-36.858909,174.773819,-36.855016,174.777698,915,180,d_~_Fkovi`@AUs@E{BSoBTgB?_@}B}Au@uBm@@qC_@w@TsB_BoAyAa@oBbAs@WhAs@z@o@rAc@??
-36.846113,174.765263,-36.847252,174.765206,216,226,do{_F{yti`@@@?@?A?@GTEPFJp@V~@Fp@b@JP?????@RDDc@Dg@Rc@BW?A?A????
-36.857362,174.766666,-36.851871,174.759939,1126,675,nu}_Fubui`@?@GIeA[q@z@u@|@WXKJ????????????Q`@k@[k@s@e@Rw@^e@Xo@Xm@\s@^e@Vq@p@m@VUPIEA?????????F`@\r@\t@Vr@PpANj@D\@@?@????ARBx@Cz@Ov@a@|@OJWNa@Zm@h@m@Z_AJs@L[j@U@OE??????QT[`ASbABb@??????
-36.848651,174.762532,-36.860843,174.769747,2037,767,`_|_Fyhti`@@?????????????????DBz@b@f@VnAd@VFHDp@HV_ATaA\}@ZyAVyA^wADW??DCz@Sx@d@|@ZbAL~@Px@V|@Tn@Rb@Pp@Tn@V?@D@j@Jp@Xr@Rt@\r@\t@Tv@Vt@Hv@Zr@Tn@Vt@Pv@Np@T^I@mA`@sAb@eBViA@A??\m@r@kAt@{AjA{BhA{BfAyBf@eADG????DIp@wBNwATyARsAVwALcA_@c@KA??
-36.848718,174.764588,-36.849082,174.765712,111,116,n_|_Fuuti`@?A@QHWV}@AW?A???EFe@Tg@DG@???
-36.851207,174.768659,-36.852272,174.768061,132,52,`o|_Fcoui`@?At@VbAXv@z@`@J??
-36.853873,174.763367,-36.859211,174.760935,645,272,t_}_Fanti`@D?D@??FHn@z@f@b@n@Rt@R`AVr@Hx@`@t@Tt@Zl@Tz@Vn@Vp@Ln@Rj@XBD????POfAL`Ab@hAb@j@L??
-36.845573,174.76629,-36.843525,174.761806,969,487,xk{_Fi`ui`@??????LFl@Rv@@@CAAA???A@aASgA]}@U{@SCEm@Jq@?QCCCQAq@O{@c@i@LCDSz@QbAm@jA]nAUxA[vAWjAZz@Q`Ad@Xh@Np@VKjAKxAIJ????????AZv@R\b@`@D??
-36.848249,174.765672,-36.84685,174.765983,270,116,p|{_Fm|ti`@Bn@@?Eo@_C_@e@?_A?_AQk@YPDf@F????
-36.846729,174.767442,-36.846976,174.768168,90,121,`s{_Fogui`@@A??@CEOHSLi@?k@Ja@?BFFFB????
-36.851392,174.758901,-36.851977,174.763916,660,383,dp|_Fcrsi`@???EJYTw@Li@@m@BC??????DOVqAVoADI??@???@???JUr@q@h@SnAMv@O@????A??ZWt@a@e@iAe@oAg@eAg@aAi@{@q@s@w@k@UG??
-36.846183,174.762056,-36.843834,174.757246,653,248,ro{_F{eti`@A@A@[f@[p@Kd@YJPEA????@B`@J~AHpBBzABJU~AKdBDvAeAPa@v@s@`Am@~@OJo@e@gAUw@^??
-36.855936,174.763259,-36.850525,174.763578,706,246,rl}_Fkmti`@AD?@NZ?b@AHcAKu@`@y@Ks@[eAa@e@WA?uAKsASoA_@cA[iAQeAH]pAa@j@w@OaA]iAa@_@O??
-36.85038,174.763765,-36.855522,174.762987,767,366,zi|_Fqpti`@MBDD^Rb@Pv@\x@Rv@\l@c@f@{At@IbAb@bAV|@^t@Tf@Tl@PB@??@?x@K`AXz@\x@`@j@g@\Mx@R\HAA?????F[Oe@QSCAK????
-36.848942,174.774367,-36.852081,174.773758,366,101,z`|_Fyrvi`@AAbAKv@GlBJbAh@zA~@rBTvAR^O????
-36.851252,174.761211,-36.853425,174.761524,273,138,ho|_Fq`ti`@??H@bAVd@X^k@Ti@p@KbAGH?LHt@Pr@SPO??
-36.857111,174.761869,-36.849319,174.765289,1155,439,|s}_Fudti`@?@??q@Us@_@_@OeAUaASq@]q@Uu@Yo@W_AU]UIk@Oy@c@kAW_A[gAc@w@KEE[O_@e@s@u@u@q@Wg@Mo@Ma@Bu@?u@Ly@Mm@Yu@Sg@Gm@Ho@Ws@c@i@QOj@Mf@M\Gd@Wx@XhA????
-36.847159,174.770304,-36.842623,174.767486,963,312,vu{_Fkyui`@????Jk@XuAXqAc@qAg@[eAb@sAh@_AZaAl@KdBEn@AE?CA???y@F}@]_Ae@{@Gg@d@YrAWxA]pAYtAWvAUtAUvA_@~@}@_@e@M??
-36.846118,174.75302,-36.843092,174.767199,1978,575,fo{_Fkmri`@???@_@FiASm@UTwAHgAc@@aAg@eA_@_AI}@i@w@{@JwAk@s@}@e@PwAVuAXuA]aAa@y@XsATaAx@VbAX~@^PJdANt@WLmAa@iAu@s@NwAJmAaAg@m@u@eAS}@m@m@gAg@gAFsAHwARmAZsALuAM{@gA]_AWi@YQ{@HyARqAR{A?wAEy@Cw@\eALE????
-36.849319,174.765289,-36.853954,174.765529,588,289,fc|_Fazti`@??NPz@`@|@d@hAR~@XJF????????????@@x@Hz@Rx@\v@Vb@Ej@Wl@Yn@]l@Wl@a@FKj@St@Sf@[Ik@@I??
-36.857631,174.766296,-36.857965,174.760555,825,367,dw}_Fk`ui`@?B??B?KQq@{@{@Ys@j@Wf@AA[He@h@[n@MJRLTl@r@f@t@j@l@p@b@j@f@b@p@z@p@dAt@r@QfAc@jAWxAAxA?N???????????dAf@`AApAIb@??
-36.846815,174.768009,-36.852298,174.757849,1493,482,rs{_Fakui`@??ABKr@KzAUl@o@hAIn@KvAK`AK~@Yx@QzAUt@]tAMpA]~At@\hAPx@^?F??EZIhA]xA_@lAl@r@lAf@lAd@rAd@XNRR~AdAlBp@jBl@ND????fAd@nBl@dBj@xAf@@J???????@x@TpBn@x@j@??
-36.85754,174.76648,-36.855298,174.765665,297,112,rv}_Foaui`@BAAA??}@m@wA@c@p@e@j@Yf@q@v@oAAaALCF??
-36.850723,174.758836,-36.847946,174.764589,1338,946,~k|_Fwqsi`@CAMIm@SAE??A?IEe@M_@Qq@Ua@I??????????AA????????????DIF[V_AL{@Jq@D[BIHk@Hk@N_ANs@Xk@FIAa@C?@A@QHUH]CY?AKm@TmAVgAE]B_@DUHU\i@j@_@LG???A@???????????P?VL\Ld@Jl@Xf@LHBGB_@KA?IG_@Om@Oa@Y_@Yk@La@AaAUy@Wg@?e@Qk@Qk@aAUNk@CWOo@Qo@Eg@CSj@Q|@GZEf@BA????
-36.852265,174.752059,-36.854706,174.759205,795,445,tu|_Fkgri`@A????????????????WPiA@]???A????PcAVaAPoARkALgAJcAAM?@??BWC{@GoAGiAB}@x@s@|@w@XgATuAVuAb@eA@EZSpAM~@IL@???A??DSk@{@AE??
-36.845867,174.764485,-36.844384,174.76678,985,371,tm{_Fauti`@????JEx@P|@^rAVv@RxAPdA`@`A^n@\Cl@C@?????s@GIQk@i@CcAGmAa@aAg@aAm@{@k@aAi@s@_@y@SqAEOcAaBc@GC@w@Vi@AE??ISg@g@Uq@AC??
-36.843483,174.767525,-36.852542,174.764256,1319,498,v~z_Fahui`@@?B?A?Cb@BFBBHVVv@VLTFPPZNFLFLJJVHLBDGx@Ih@Jn@XZVzC]y@n@~BBz@F~@F|ARd@RxAJu@j@f@v@x@ThDm@u@z@Tb@j@Tx@Ez@^dAJtANf@FV@z@Rl@HNFhA?PJv@ITO@???
-36.857686,174.764416,-36.847418,174.781341,6498,2686,pw}_Fstti`@A@????S]e@q@g@q@k@m@g@c@u@_Aq@q@u@q@_AcAw@_Ak@aAe@]y@w@_Ay@aA{@_AKs@]a@a@w@s@_@q@O}@q@q@y@_AQe@e@[o@s@k@}@w@{@u@uAo@u@k@y@QU???A??????????SUq@}@w@eAs@y@{@a@cA@eARo@X?@Op@y@dAy@|@y@|@GLA???[PeAh@gA\_Ad@o@d@Sn@YtAWv@y@q@{@k@_Ai@gA]WnAUtAQnA[rAStAUvAYxASvAGvAUvAKbBYlAYpAWvAWtAYxAStADbAz@X`AVF`AYrAWrAGzA|@\V~@l@`Al@|@v@d@v@`@EbAUvAb@r@dAXbA`@j@r@DjA]lAWtAW|@k@]w@U_AQ}@C_@hAc@n@]A?@???@???@????A@???@??????@?A@??????????@??????????????????????@?????@??@??????????@???????@??A@????A@???????@??A??????@A??@A???F_@B[AINo@Me@Z[U[ZyA\_AbAZdAV`Ab@fAPr@SD}@KgAcA]eA[gA]}@o@u@aAu@aA@eAX_Ao@gAGgA{@[?kATyATmAJoA}@W_A[OaAJgA@C??????????Hs@VyAV{AVwATsARwAVqAR{AP{ARuAVuATwAPwAVwATwAZeATuAVwAVwATuAVwAJsABQ??XaA`@{Ar@kAh@gAn@oAd@_B`@_Cd@kCb@kC`@gCb@kCd@kCb@oCTcB??????????????????
-36.842681,174.765198,-36.842454,174.76383,335,261,vyz_Foyti`@??EFSnAUpAAvADfAMdAI`@SNWCM?????NOX@L]A[D[BA??????????@OLq@?C??
-36.846105,174.77274,-36.85023,174.764726,1206,486,do{_Fshvi`@?A?ACF{@lA_@tBe@zBG~AEL?@????????Zd@p@`A`Al@NxANxACrAO|ASnASpAUvAN|@p@d@??Ic@??JHfAb@jA\bBn@d@?~B^Xb@lAj@XJ?@????????JLfA_@l@bAxAMFx@d@B?C??
-36.842442,174.763888,-36.854149,174.745963,2510,992,fxz_Fiqti`@?A????????????????FE`@@\HXHn@R|@Xj@`@QjAQ|AOjAEdA`AT~@ZdAZx@\p@Tl@PLB??????b@Pp@^B`@Dz@PpAFb@Jz@H`AJzALrAJjALpAHzAHz@OD??????AHKt@Sx@Qz@SlAOfAQz@SlADj@Nr@NfAr@j@h@XlAAR?@@B???@?B@??^A`AI`AAx@FL^F@fAJ`AjAr@hAz@fAv@dAx@lAx@jAt@dA|@lAz@lAt@v@r@d@VhAp@bAr@`Ad@~@j@lAp@bBp@`Bf@pAZl@j@P|@]j@SIO????
-36.851405,174.759035,-36.850302,174.764639,821,304,hp|_F_ssi`@?@H]@q@No@Fq@PgA^sBr@_Bz@QhAGlAc@j@}@_@gAa@iAu@eAk@{@o@{@y@e@cAUeAIu@OWe@??A??A????c@Ws@Sg@]??
-36.845911,174.771739,-36.847904,174.772726,244,108,|m{_Fkbvi`@????LDb@Ot@[v@[x@a@t@a@v@Wl@GV_@????
-36.853627,174.758476,-36.849898,174.763655,724,216,d~|_Foosi`@??][wAcA_BgAy@eAoAc@o@c@Ns@VeB}@oAo@iAa@gAo@mA}@[o@gAPoAVo@CGw@Yq@AOC??
-36.852178,174.760974,-36.857762,174.757918,766,190,bu|_Fa_ti`@DVhAdA`BdAdB|@vA|@jAn@tAt@tAn@hBOvAM~@K|@D`A@dAABhAGvA\v@PI????
-36.857611,174.766464,-36.860917,174.768644,997,320,`w}_Fkaui`@?AgAk@oAFs@bAk@|@j@x@t@t@n@z@h@h@p@r@p@z@n@bAz@n@l@a@r@oAt@yA`AoBjA{BhAyBl@]????????????Te@\wBVqARuABs@????
-36.854399,174.765434,-36.850576,174.765374,489,214,~b}_F}zti`@DA??DAa@Lg@Na@RQBg@Lq@O}@kAe@_@c@WkAUq@G_@Bw@v@y@r@]Zk@MYGY?YF??
-36.860519,174.767011,-36.857196,174.764051,580,214,fi~_Fydui`@????OXk@hA????MF}@bB}@hBeApBcApBw@~A]H??A?a@h@e@Oe@u@q@}@s@s@_@t@@`@@A??
-36.853915,174.765165,-36.845913,174.764594,1077,328,~_}_Fiyti`@A@??EHw@TeAw@iAaBu@O{Bi@gA`As@fA{@LYhAi@r@eAWkAm@w@OoAe@o@OkA]aA]aAS{BKi@Mw@SeAEg@f@c@r@Yn@Mx@Ap@????Of@??
-36.859224,174.760897,-36.862635,174.761177,482,223,ba~_Fs~si`@????@@d@H~@`@~@\nAP^mA`@yAd@kBHS??????????VB^PZPvAt@dA\`ATJ???
-36.85703,174.765273,-36.858263,174.763492,518,256,ls}_F}yti`@??@KWIOE??GGEF?p@LPHH`@^l@v@j@r@r@z@t@z@r@Zc@zAUdAZs@^sB}@Y@BNJTVJH??
-36.848799,174.76455,-36.847343,174.762617,285,220,~_|_Fmuti`@?B???????????DOh@Mn@Sr@ITA?ERa@Lw@Yk@IS~@i@t@C`@Ih@KT??AA??
-36.854696,174.760392,-36.845942,174.764476,1333,472,zd}_Fm{si`@??Ea@e@{A}AoBFyAb@yBCq@??OIcAYcAq@mAaAuA_@iAOaAKiA]kAe@c@Q??????????AAc@Yw@m@cAa@e@SaA]eAWaAKeA_@mA_@_C_@e@?{@_@iASc@C?EEr@]x@c@dAg@dAKb@AA?@AA@n@??
-36.854615,174.76678,-36.85037,174.764507,622,194,jd}_Fkcui`@?AAh@XfA@rAc@l@aAZw@^iA^q@\gAt@oAr@kA\o@L_AQu@[m@_@aA\u@Aa@I??
-36.850026,174.761141,-36.84937,174.756863,401,177,tg|_Fc`ti`@???RAL??AAI^QdAYrAI^Qf@QdAQjAUjAWvAJvAHpALlA?F??
-36.854422,174.754301,-36.85775,174.754624,402,294,bc}_Fkuri`@@?????FCbAIx@UZCD?D?d@G~@M@?ZCt@Gl@Ev@It@En@Mn@ERAB?NKFD???BCd@DL@@?@??
-36.844037,174.76864,-36.847462,174.757137,1794,564,fb{_F_oui`@??AA_@K]tA[lAWzAOhAe@\OvAUfA?@?@If@YtAUtAUnAWvAXt@bAVfAZjAZMvAU|AQzALz@bAZdA\bAZBhAU|AGb@Zd@hAb@RjAWzAf@~@j@`AH|AYtAWvA?hAbAXhAL^QN@NO??`@VfAJdABfADnAFv@YAcAm@a@{@LII??